created_at,city,station,fuel,price,region,location
2026-08-28T15:50:00+00:00,Шумен,Топливо,Пропан Бутан,0.65,Шумен,ул. Университетска №10
2026-08-28T15:50:00+00:00,Бургас,Топливо,Дизел,1.78,Бургас,ул. Марица №1
2026-08-28T15:50:00+00:00,Силистра,Топливо,Бензин A95,1.55,Силистра,ул. 7-ми септември №21 (до митн. пункт)
2026-08-28T15:50:00+00:00,Силистра,Топливо,Дизел,1.8,Силистра,ул. 7-ми септември №21 (до митн. пункт)
2026-08-28T15:50:00+00:00,Силистра,Топливо,Пропан Бутан,0.64,Силистра,ул. 7-ми септември №21 (до митн. пункт)
2026-08-28T15:50:00+00:00,Силистра,Топливо,Дизел премиум,1.9,Силистра,ул. 7-ми септември №21 (до митн. пункт)
2026-08-28T15:50:00+00:00,Берковица,Топливо,Бензин A95,1.57,Монтана,ул. Тимок №1
2026-08-28T15:50:00+00:00,Берковица,Топливо,Дизел,1.84,Монтана,ул. Тимок №1
2026-08-28T15:50:00+00:00,Добрич,Топливо,Бензин A95,1.56,Добрич,"ж.к. Добротица, Околовръстен път"
2026-08-28T15:50:00+00:00,Добрич,Топливо,Дизел,1.85,Добрич,"ж.к. Добротица, Околовръстен път"
2026-08-28T15:50:00+00:00,Добрич,Топливо,Пропан Бутан,0.67,Добрич,"ж.к. Добротица, Околовръстен път"
2026-08-28T15:50:00+00:00,Нова Загора,Топливо,Дизел,1.78,Сливен,ул. Димитър Благоев №1
2026-08-28T15:50:00+00:00,София,Топливо,Бензин A95,1.6,София,бул. Владимир Вазов №89 (кв. Враждебна)
2026-08-28T15:50:00+00:00,София,Топливо,Дизел,1.85,София,бул. Владимир Вазов №89 (кв. Враждебна)
2026-08-28T15:50:00+00:00,София,Топливо,Пропан Бутан,0.65,София,бул. Владимир Вазов №89 (кв. Враждебна)
2026-08-28T15:50:00+00:00,София,Топливо,Бензин A100,1.75,София,бул. Владимир Вазов №89 (кв. Враждебна)
2026-08-28T15:50:00+00:00,Видин,Топливо,Дизел,1.84,Видин,ул. Боров камък №6 (ЗПЗ)
2026-08-28T15:50:00+00:00,Божурище,Топливо,Дизел,1.84,,бул. Европа №4
2026-08-28T15:50:00+00:00,Божурище,Топливо,Пропан Бутан,0.65,,бул. Европа №4
2026-08-28T15:50:00+00:00,Шумен,Топливо,Дизел,1.8,Шумен,Западна промишлена зона
2026-08-28T15:50:00+00:00,Поморие,Топливо,Бензин A95,1.67,Бургас,ул. Манастирска №1
2026-08-28T15:50:00+00:00,Поморие,Топливо,Дизел,1.88,Бургас,ул. Манастирска №1
2026-08-28T15:50:00+00:00,Поморие,Топливо,Пропан Бутан,0.69,Бургас,ул. Манастирска №1
2026-08-28T15:50:00+00:00,Поморие,Топливо,Бензин A100,1.75,Бургас,ул. Манастирска №1
2026-08-28T15:50:00+00:00,Варна,Топливо,Бензин A95,1.56,Варна,ул. Янко Мустаков №47 (до бл. 301)
2026-08-28T15:50:00+00:00,Варна,Топливо,Дизел,1.83,Варна,ул. Янко Мустаков №47 (до бл. 301)
2026-08-28T15:50:00+00:00,Варна,Топливо,Пропан Бутан,0.65,Варна,ул. Янко Мустаков №47 (до бл. 301)
2026-08-28T15:50:00+00:00,Варна,Топливо,Бензин A95,1.56,Варна,бул. Република №21
2026-08-28T15:50:00+00:00,Варна,Топливо,Дизел,1.83,Варна,бул. Република №21
2026-08-28T15:50:00+00:00,Варна,Топливо,Пропан Бутан,0.65,Варна,бул. Република №21
2026-08-28T15:50:00+00:00,Айтос,Топливо,Дизел,1.78,Бургас,Промишлена зона 1
2026-08-28T15:50:00+00:00,Карнобат,Топливо,Дизел,1.78,Бургас,ул. Трета 18
2026-08-28T15:50:00+00:00,Елхово,Топливо,Дизел,1.74,Ямбол,кв. Индустриален 38
2026-08-28T15:50:00+00:00,Русе,Топливо,Бензин A95,1.56,Русе,ул. Потсдам №9
2026-08-28T15:50:00+00:00,Русе,Топливо,Дизел,1.82,Русе,ул. Потсдам №9
2026-08-28T15:50:00+00:00,Русе,Топливо,Пропан Бутан,0.65,Русе,ул. Потсдам №9
2026-08-28T15:47:00+00:00,Мартен,КарТел,Бензин A95,1.48,Русе,ул. Ясна поляна №1
2026-08-28T15:47:00+00:00,Мартен,КарТел,Дизел,1.75,Русе,ул. Ясна поляна №1
2026-08-28T15:47:00+00:00,Мартен,КарТел,Пропан Бутан,0.62,Русе,ул. Ясна поляна №1
2026-08-28T15:47:00+00:00,Мартен,КарТел,Бензин A100,1.71,Русе,ул. Ясна поляна №1
2026-08-28T15:47:00+00:00,Мартен,КарТел,Дизел премиум,1.85,Русе,ул. Ясна поляна №1
2026-08-28T15:47:00+00:00,Златица,ЕКО,Бензин,1.51,,местност Тръстиката шосе E871
2026-08-28T15:47:00+00:00,Златица,ЕКО,Дизел,1.76,,местност Тръстиката шосе E871
2026-08-28T15:47:00+00:00,Златица,ЕКО,Бензин A100,1.64,,местност Тръстиката шосе E871
2026-08-28T15:47:00+00:00,Равно поле,ЕКО,Бензин,1.51,,Индустриална зона 1
2026-08-28T15:47:00+00:00,Равно поле,ЕКО,Дизел,1.76,,Индустриална зона 1
2026-08-28T15:47:00+00:00,Равно поле,ЕКО,Бензин A100,1.64,,Индустриална зона 1
2026-08-28T15:47:00+00:00,Хасково,ЕКО,Бензин,1.49,Хасково,ул. Стара Планина №54A
2026-08-28T15:47:00+00:00,Хасково,ЕКО,Дизел,1.76,Хасково,ул. Стара Планина №54A
2026-08-28T15:47:00+00:00,Хасково,ЕКО,Бензин A100,1.64,Хасково,ул. Стара Планина №54A
2026-08-28T15:47:00+00:00,Нови хан,ЕКО,Бензин,1.49,,"Главен път Е80 , изход София"
2026-08-28T15:47:00+00:00,Нови хан,ЕКО,Дизел,1.76,,"Главен път Е80 , изход София"
2026-08-28T15:47:00+00:00,Вакарел,ЕКО,Бензин,1.51,,"Главен път Е80, изход София"
2026-08-28T15:47:00+00:00,Вакарел,ЕКО,Дизел,1.76,,"Главен път Е80, изход София"
2026-08-28T15:47:00+00:00,Брезник,ЕКО,Бензин,1.49,Перник,ул. Андрей Михайлов №106
2026-08-28T15:47:00+00:00,Брезник,ЕКО,Дизел,1.75,Перник,ул. Андрей Михайлов №106
2026-08-28T15:47:00+00:00,Брезник,ЕКО,Бензин A100,1.64,Перник,ул. Андрей Михайлов №106
2026-08-28T15:47:00+00:00,София,ЕКО,Бензин,1.47,София,бул. Цариградско шосе №164 (база на Хидрострой)
2026-08-28T15:47:00+00:00,София,ЕКО,Дизел,1.72,София,бул. Цариградско шосе №164 (база на Хидрострой)
2026-08-28T15:47:00+00:00,София,ЕКО,Бензин,1.51,София,ул. Гюешево №80
2026-08-28T15:47:00+00:00,София,ЕКО,Дизел,1.76,София,ул. Гюешево №80
2026-08-28T15:47:00+00:00,София,ЕКО,Бензин A100,1.64,София,ул. Гюешево №80
2026-08-28T15:47:00+00:00,Елин Пелин,ЕКО,Бензин,1.51,София област,бул. България №7
2026-08-28T15:47:00+00:00,Елин Пелин,ЕКО,Дизел,1.76,София област,бул. България №7
2026-08-28T15:47:00+00:00,Елин Пелин,ЕКО,Бензин,1.51,София област,бул. Новоселци №101
2026-08-28T15:47:00+00:00,Елин Пелин,ЕКО,Дизел,1.76,София област,бул. Новоселци №101
2026-08-28T15:47:00+00:00,Елин Пелин,ЕКО,Бензин A100,1.64,София област,бул. Новоселци №101
2026-08-28T15:47:00+00:00,София,ЕКО,Бензин,1.51,София,ул. Константин Стоилов №62
2026-08-28T15:47:00+00:00,София,ЕКО,Дизел,1.76,София,ул. Константин Стоилов №62
2026-08-28T15:47:00+00:00,София,ЕКО,Бензин A100,1.64,София,ул. Константин Стоилов №62
2026-08-28T15:47:00+00:00,София,ЕКО,Бензин,1.51,София,ул. Йосиф Щросмайер №25
2026-08-28T15:47:00+00:00,София,ЕКО,Дизел,1.76,София,ул. Йосиф Щросмайер №25
2026-08-28T15:47:00+00:00,София,ЕКО,Бензин,1.51,София,бул. Искърско Шосе 1-Е
2026-08-28T15:47:00+00:00,София,ЕКО,Дизел,1.76,София,бул. Искърско Шосе 1-Е
2026-08-28T15:47:00+00:00,София,ЕКО,Бензин A100,1.64,София,бул. Искърско Шосе 1-Е
2026-08-28T15:47:00+00:00,София,ЕКО,Бензин,1.51,София,бул. Тодор Александров №117
2026-08-28T15:47:00+00:00,София,ЕКО,Дизел,1.76,София,бул. Тодор Александров №117
2026-08-28T15:47:00+00:00,София,ЕКО,Бензин A100,1.64,София,бул. Тодор Александров №117
2026-08-28T15:47:00+00:00,Саранци,ЕКО,Бензин,1.51,,Главен път Е871 (Подбалкана)
2026-08-28T15:47:00+00:00,Саранци,ЕКО,Дизел,1.76,,Главен път Е871 (Подбалкана)
2026-08-28T15:47:00+00:00,Хасково,ЕКО,Бензин,1.49,Хасково,бул. Васил Левски и ул. Ком
2026-08-28T15:47:00+00:00,Хасково,ЕКО,Дизел,1.76,Хасково,бул. Васил Левски и ул. Ком
2026-08-28T15:47:00+00:00,София,ЕКО,Бензин,1.51,София,бул. Цариградско шосе (вход от Пловдив)
2026-08-28T15:47:00+00:00,София,ЕКО,Дизел,1.76,София,бул. Цариградско шосе (вход от Пловдив)
2026-08-28T15:47:00+00:00,София,ЕКО,Бензин A100,1.64,София,бул. Цариградско шосе (вход от Пловдив)
2026-08-28T15:46:00+00:00,София,Евротрейд 2000,Бензин A95,1.49,София,ул. Ефрем Каранфилов №12
2026-08-28T15:46:00+00:00,София,Евротрейд 2000,Дизел,1.69,София,ул. Ефрем Каранфилов №12
2026-08-28T15:45:00+00:00,Русе,Power Oil Русе 3,Бензин A95,1.51,Русе,ул. Стефан Стамболов №80
2026-08-28T15:45:00+00:00,Русе,Power Oil Русе 3,Дизел,1.75,Русе,ул. Стефан Стамболов №80
2026-08-28T15:45:00+00:00,Стара Загора,Power Oil,Бензин A95,1.51,Стара Загора,Околовръстен път (местност Хаджи Ибрямов кладенец)
2026-08-28T15:45:00+00:00,Стара Загора,Power Oil,Дизел,1.78,Стара Загора,Околовръстен път (местност Хаджи Ибрямов кладенец)
2026-08-28T15:45:00+00:00,Русе,Power Oil Русе 1,Бензин A95,1.57,Русе,бул. България №158
2026-08-28T15:45:00+00:00,Русе,Power Oil Русе 1,Дизел,1.85,Русе,бул. България №158
2026-08-28T15:45:00+00:00,Ново Село,Power Oil,Бензин A95,1.52,,изход за гр. Кубрат
2026-08-28T15:45:00+00:00,Ново Село,Power Oil,Дизел,1.76,,изход за гр. Кубрат
2026-08-28T15:45:00+00:00,Харманли,Power Oil,Бензин A95,1.5,Хасково,бул. България №31А
2026-08-28T15:45:00+00:00,Харманли,Power Oil,Дизел,1.78,Хасково,бул. България №31А
2026-08-28T15:45:00+00:00,Русе,Power Oil Русе 2,Бензин A95,1.57,Русе,бул. България №115
2026-08-28T15:45:00+00:00,Русе,Power Oil Русе 2,Дизел,1.85,Русе,бул. България №115
2026-08-28T15:45:00+00:00,Тутракан,Power Oil,Бензин A95,1.56,Силистра,ул. Трансмариска №146
2026-08-28T15:45:00+00:00,Тутракан,Power Oil,Дизел,1.79,Силистра,ул. Трансмариска №146
2026-08-28T15:45:00+00:00,Тутракан,Power Oil,Пропан Бутан,0.67,Силистра,ул. Трансмариска №146
2026-08-28T15:45:00+00:00,Лом,Power Oil,Бензин A95,1.5,Монтана,ул. Лудовико Миланези №2
2026-08-28T15:45:00+00:00,Лом,Power Oil,Дизел,1.78,Монтана,ул. Лудовико Миланези №2
2026-08-28T15:45:00+00:00,Русе,Power Oil Русе 4,Бензин A95,1.48,Русе,бул. Тутракан №44
2026-08-28T15:45:00+00:00,Русе,Power Oil Русе 4,Дизел,1.76,Русе,бул. Тутракан №44
2026-08-28T15:45:00+00:00,Русе,Power Oil Русе 4,Пропан Бутан,0.64,Русе,бул. Тутракан №44
2026-08-28T15:45:00+00:00,Монтана,Power Oil,Бензин A95,1.58,Монтана,ул. Индустриална №20
2026-08-28T15:45:00+00:00,Монтана,Power Oil,Дизел,1.79,Монтана,ул. Индустриална №20
2026-08-28T15:45:00+00:00,Монтана,Power Oil,Пропан Бутан,0.63,Монтана,ул. Индустриална №20
2026-08-28T15:05:00+00:00,Враца,BG OIL,Бензин A95,1.51,Враца,бул. Мито Орозов №34
2026-08-28T15:05:00+00:00,Враца,BG OIL,Дизел,1.74,Враца,бул. Мито Орозов №34
2026-08-28T15:05:00+00:00,Враца,BG OIL,Пропан Бутан,0.65,Враца,бул. Мито Орозов №34
2026-08-28T15:04:00+00:00,София,Dieselor,Бензин A95,1.54,София,"жк. Дружба 1, ул. Амстердам №4"
2026-08-28T15:04:00+00:00,София,Dieselor,Дизел,1.79,София,"жк. Дружба 1, ул. Амстердам №4"
2026-08-28T15:04:00+00:00,София,Dieselor,Дизел премиум,1.87,София,"жк. Дружба 1, ул. Амстердам №4"
2026-08-28T15:04:00+00:00,Пловдив,Dieselor,Бензин A95,1.54,Пловдив,бул. Васил Априлов №139
2026-08-28T15:04:00+00:00,Пловдив,Dieselor,Дизел,1.79,Пловдив,бул. Васил Априлов №139
2026-08-28T15:04:00+00:00,Пловдив,Dieselor,Дизел премиум,1.87,Пловдив,бул. Васил Априлов №139
2026-08-28T15:04:00+00:00,Стамболийски,Dieselor,Бензин A95,1.57,Пловдив,бул. Тракия №32
2026-08-28T15:04:00+00:00,Стамболийски,Dieselor,Дизел,1.81,Пловдив,бул. Тракия №32
2026-08-28T15:04:00+00:00,Стамболийски,Dieselor,Пропан Бутан,0.65,Пловдив,бул. Тракия №32
2026-08-28T15:04:00+00:00,Стамболийски,Dieselor,Дизел премиум,1.89,Пловдив,бул. Тракия №32
2026-08-28T15:04:00+00:00,Нови пазар,Dieselor,Бензин A95,1.57,Шумен,ул. Цар Освободител №39А
2026-08-28T15:04:00+00:00,Нови пазар,Dieselor,Дизел,1.81,Шумен,ул. Цар Освободител №39А
2026-08-28T15:04:00+00:00,Нови пазар,Dieselor,Пропан Бутан,0.65,Шумен,ул. Цар Освободител №39А
2026-08-28T15:04:00+00:00,Нови пазар,Dieselor,Дизел премиум,1.89,Шумен,ул. Цар Освободител №39А
2026-08-28T15:04:00+00:00,Пловдив,Dieselor,Бензин A95,1.55,Пловдив,ул. Ягодовско шосе №21
2026-08-28T15:04:00+00:00,Пловдив,Dieselor,Дизел,1.8,Пловдив,ул. Ягодовско шосе №21
2026-08-28T15:04:00+00:00,Пловдив,Dieselor,Пропан Бутан,0.65,Пловдив,ул. Ягодовско шосе №21
2026-08-28T15:04:00+00:00,Пловдив,Dieselor,Дизел премиум,1.88,Пловдив,ул. Ягодовско шосе №21
2026-08-28T15:00:00+00:00,Харманли,Petrol,Бензин A95,1.59,Хасково,изход за Хасково
2026-08-28T15:00:00+00:00,Харманли,Petrol,Дизел,1.84,Хасково,изход за Хасково
2026-08-28T15:00:00+00:00,Харманли,Petrol,Пропан Бутан,0.65,Хасково,изход за Хасково
2026-08-28T15:00:00+00:00,Харманли,Petrol,Дизел премиум,1.99,Хасково,изход за Хасково
2026-08-28T15:00:00+00:00,Кърджали,Petrol,Бензин A95,1.52,Кърджали,кв. Възрожденци
2026-08-28T15:00:00+00:00,Кърджали,Petrol,Дизел,1.77,Кърджали,кв. Възрожденци
2026-08-28T15:00:00+00:00,Джебел,Petrol,Бензин A95,1.62,Кърджали,ул. Илдъръм №23 (до Автогарата)
2026-08-28T15:00:00+00:00,Джебел,Petrol,Дизел,1.86,Кърджали,ул. Илдъръм №23 (до Автогарата)
2026-08-28T15:00:00+00:00,Подкова,Petrol,Бензин A95,1.57,,Джебелска река
2026-08-28T15:00:00+00:00,Подкова,Petrol,Дизел,1.84,,Джебелска река
2026-08-28T15:00:00+00:00,Крумовград,Petrol,Бензин A95,1.62,Кърджали,пътя за Ивайловград
2026-08-28T15:00:00+00:00,Крумовград,Petrol,Дизел,1.86,Кърджали,пътя за Ивайловград
2026-08-28T15:00:00+00:00,Крумовград,Petrol,Пропан Бутан,0.66,Кърджали,пътя за Ивайловград
2026-08-28T15:00:00+00:00,Крумовград,Petrol,Дизел премиум,1.99,Кърджали,пътя за Ивайловград
2026-08-28T15:00:00+00:00,Момчилград,Petrol,Бензин A95,1.62,Кърджали,Изход за Кърджали
2026-08-28T15:00:00+00:00,Момчилград,Petrol,Дизел,1.86,Кърджали,Изход за Кърджали
2026-08-28T15:00:00+00:00,Момчилград,Petrol,Пропан Бутан,0.66,Кърджали,Изход за Кърджали
2026-08-28T15:00:00+00:00,Момчилград,Petrol,Дизел премиум,1.99,Кърджали,Изход за Кърджали
2026-08-28T15:00:00+00:00,Кърджали,Petrol,Бензин A95,1.59,Кърджали,автогарата
2026-08-28T15:00:00+00:00,Кърджали,Petrol,Дизел,1.84,Кърджали,автогарата
2026-08-28T15:00:00+00:00,Кърджали,Petrol,Пропан Бутан,0.65,Кърджали,автогарата
2026-08-28T15:00:00+00:00,Кърджали,Petrol,Бензин A100,1.79,Кърджали,автогарата
2026-08-28T15:00:00+00:00,Кърджали,Petrol,Дизел премиум,1.99,Кърджали,автогарата
2026-08-28T15:00:00+00:00,Черноочене,Petrol,Бензин A95,1.59,Кърджали,местност Юсуф Дуду
2026-08-28T15:00:00+00:00,Черноочене,Petrol,Дизел,1.84,Кърджали,местност Юсуф Дуду
2026-08-28T15:00:00+00:00,Черноочене,Petrol,Пропан Бутан,0.65,Кърджали,местност Юсуф Дуду
2026-08-28T15:00:00+00:00,Черноочене,Petrol,Дизел премиум,1.99,Кърджали,местност Юсуф Дуду
2026-08-28T15:00:00+00:00,Ивайловград,Petrol,Бензин A95,1.62,Хасково,ул. Кап. Петко Войвода №2
2026-08-28T15:00:00+00:00,Ивайловград,Petrol,Дизел,1.86,Хасково,ул. Кап. Петко Войвода №2
2026-08-28T15:00:00+00:00,Ивайловград,Petrol,Пропан Бутан,0.66,Хасково,ул. Кап. Петко Войвода №2
2026-08-28T15:00:00+00:00,Ивайловград,Petrol,Бензин A100,1.82,Хасково,ул. Кап. Петко Войвода №2
2026-08-28T15:00:00+00:00,Ардино,Petrol,Бензин A95,1.63,Кърджали,пътя за Смолян
2026-08-28T15:00:00+00:00,Ардино,Petrol,Дизел,1.85,Кърджали,пътя за Смолян
2026-08-28T15:00:00+00:00,Любимец,Petrol,Бензин A95,1.59,Хасково,път Харманли-Свиленград
2026-08-28T15:00:00+00:00,Любимец,Petrol,Дизел,1.84,Хасково,път Харманли-Свиленград
2026-08-28T15:00:00+00:00,Любимец,Petrol,Пропан Бутан,0.65,Хасково,път Харманли-Свиленград
2026-08-28T15:00:00+00:00,Любимец,Petrol,Дизел премиум,1.99,Хасково,път Харманли-Свиленград
2026-08-28T15:00:00+00:00,Симеоновград,Petrol,Бензин A95,1.59,Хасково,изход за Гълъбово
2026-08-28T15:00:00+00:00,Симеоновград,Petrol,Дизел,1.84,Хасково,изход за Гълъбово
2026-08-28T15:00:00+00:00,Симеоновград,Petrol,Пропан Бутан,0.65,Хасково,изход за Гълъбово
2026-08-28T15:00:00+00:00,Симеоновград,Petrol,Дизел премиум,1.99,Хасково,изход за Гълъбово
2026-08-28T15:00:00+00:00,Свиленград,Petrol,Бензин A95,1.59,Хасково,бул. Г. Димитров №185 (изход за Кап. Андреево)
2026-08-28T15:00:00+00:00,Свиленград,Petrol,Дизел,1.84,Хасково,бул. Г. Димитров №185 (изход за Кап. Андреево)
2026-08-28T15:00:00+00:00,Свиленград,Petrol,Пропан Бутан,0.65,Хасково,бул. Г. Димитров №185 (изход за Кап. Андреево)
2026-08-28T15:00:00+00:00,Свиленград,Petrol,Дизел премиум,1.99,Хасково,бул. Г. Димитров №185 (изход за Кап. Андреево)
2026-08-28T15:00:00+00:00,Димитровград,Petrol,Бензин A95,1.52,Хасково,бул. Георги С. Раковски (ОбНС)
2026-08-28T15:00:00+00:00,Димитровград,Petrol,Дизел,1.77,Хасково,бул. Георги С. Раковски (ОбНС)
2026-08-28T15:00:00+00:00,АМ Тракия,Petrol,Бензин A95,1.63,,162 км (посока Бургас)
2026-08-28T15:00:00+00:00,АМ Тракия,Petrol,Дизел,1.86,,162 км (посока Бургас)
2026-08-28T15:00:00+00:00,АМ Тракия,Petrol,Пропан Бутан,0.66,,162 км (посока Бургас)
2026-08-28T15:00:00+00:00,АМ Тракия,Petrol,Бензин A100,1.83,,162 км (посока Бургас)
2026-08-28T15:00:00+00:00,АМ Тракия,Petrol,Дизел премиум,1.99,,162 км (посока Бургас)
2026-08-28T15:00:00+00:00,Хасково,Petrol,Бензин A95,1.52,Хасково,до болницата
2026-08-28T15:00:00+00:00,Хасково,Petrol,Дизел,1.77,Хасково,до болницата
2026-08-28T15:00:00+00:00,Хасково,Petrol,Дизел премиум,1.89,Хасково,до болницата
2026-08-28T15:00:00+00:00,Стара Загора,Petrol,Бензин A95,1.57,Стара Загора,Индустриален квартал ТК Слънце
2026-08-28T15:00:00+00:00,Стара Загора,Petrol,Дизел,1.83,Стара Загора,Индустриален квартал ТК Слънце
2026-08-28T15:00:00+00:00,Стара Загора,Petrol,Пропан Бутан,0.64,Стара Загора,Индустриален квартал ТК Слънце
2026-08-28T15:00:00+00:00,Стара Загора,Petrol,Дизел премиум,1.99,Стара Загора,Индустриален квартал ТК Слънце
2026-08-28T15:00:00+00:00,Павел баня,Petrol,Бензин A95,1.59,Стара Загора,"път 6, на разклона за Павел Баня"
2026-08-28T15:00:00+00:00,Павел баня,Petrol,Дизел,1.85,Стара Загора,"път 6, на разклона за Павел Баня"
2026-08-28T15:00:00+00:00,Павел баня,Petrol,Пропан Бутан,0.65,Стара Загора,"път 6, на разклона за Павел Баня"
2026-08-28T15:00:00+00:00,Павел баня,Petrol,Дизел премиум,1.99,Стара Загора,"път 6, на разклона за Павел Баня"
2026-08-28T15:00:00+00:00,Казанлък,Petrol,Бензин A95,1.59,Стара Загора,Изхода за София
2026-08-28T15:00:00+00:00,Казанлък,Petrol,Дизел,1.84,Стара Загора,Изхода за София
2026-08-28T15:00:00+00:00,Казанлък,Petrol,Бензин A95,1.59,Стара Загора,Изхода за Бургас
2026-08-28T15:00:00+00:00,Казанлък,Petrol,Дизел,1.84,Стара Загора,Изхода за Бургас
2026-08-28T15:00:00+00:00,Казанлък,Petrol,Пропан Бутан,0.64,Стара Загора,Изхода за Бургас
2026-08-28T15:00:00+00:00,Казанлък,Petrol,Дизел премиум,1.99,Стара Загора,Изхода за Бургас
2026-08-28T15:00:00+00:00,Тополовград,Petrol,Бензин A95,1.58,Хасково,ул. Искър №14
2026-08-28T15:00:00+00:00,Тополовград,Petrol,Дизел,1.84,Хасково,ул. Искър №14
2026-08-28T15:00:00+00:00,Тополовград,Petrol,Дизел премиум,1.99,Хасково,ул. Искър №14
2026-08-28T15:00:00+00:00,Стара Загора,Petrol,Бензин A95,1.57,Стара Загора,изход за Бургас
2026-08-28T15:00:00+00:00,Стара Загора,Petrol,Дизел,1.83,Стара Загора,изход за Бургас
2026-08-28T15:00:00+00:00,Стара Загора,Petrol,Пропан Бутан,0.64,Стара Загора,изход за Бургас
2026-08-28T15:00:00+00:00,Стара Загора,Petrol,Бензин A100,1.79,Стара Загора,изход за Бургас
2026-08-28T15:00:00+00:00,Стара Загора,Petrol,Дизел премиум,1.99,Стара Загора,изход за Бургас
2026-08-28T15:00:00+00:00,Чирпан,Petrol,Бензин A95,1.57,Стара Загора,Околовръстно шосе (вход от Пловдив)
2026-08-28T15:00:00+00:00,Чирпан,Petrol,Дизел,1.84,Стара Загора,Околовръстно шосе (вход от Пловдив)
2026-08-28T15:00:00+00:00,Чирпан,Petrol,Пропан Бутан,0.64,Стара Загора,Околовръстно шосе (вход от Пловдив)
2026-08-28T15:00:00+00:00,Чирпан,Petrol,Дизел премиум,1.99,Стара Загора,Околовръстно шосе (вход от Пловдив)
2026-08-28T15:00:00+00:00,Стара Загора,Petrol,Бензин A95,1.52,Стара Загора,ул. Княз Борис I (кино Ж. Диманов)
2026-08-28T15:00:00+00:00,Стара Загора,Petrol,Дизел,1.77,Стара Загора,ул. Княз Борис I (кино Ж. Диманов)
2026-08-28T15:00:00+00:00,Стара Загора,Petrol,Дизел премиум,1.89,Стара Загора,ул. Княз Борис I (кино Ж. Диманов)
2026-08-28T15:00:00+00:00,Гурково,Petrol,Бензин A95,1.59,Стара Загора,на гл. път София-Бургас
2026-08-28T15:00:00+00:00,Гурково,Petrol,Дизел,1.85,Стара Загора,на гл. път София-Бургас
2026-08-28T15:00:00+00:00,Гурково,Petrol,Пропан Бутан,0.65,Стара Загора,на гл. път София-Бургас
2026-08-28T15:00:00+00:00,Гурково,Petrol,Дизел премиум,1.99,Стара Загора,на гл. път София-Бургас
2026-08-28T15:00:00+00:00,Перник,Petrol,Бензин A95,1.52,Перник,бул. Юрий Гагарин
2026-08-28T15:00:00+00:00,Перник,Petrol,Дизел,1.77,Перник,бул. Юрий Гагарин
2026-08-28T15:00:00+00:00,Перник,Petrol,Дизел премиум,1.89,Перник,бул. Юрий Гагарин
2026-08-28T15:00:00+00:00,Раднево,Petrol,Бензин A95,1.59,Стара Загора,ул. Митьо Стайков №22
2026-08-28T15:00:00+00:00,Раднево,Petrol,Дизел,1.84,Стара Загора,ул. Митьо Стайков №22
2026-08-28T15:00:00+00:00,Раднево,Petrol,Пропан Бутан,0.64,Стара Загора,ул. Митьо Стайков №22
2026-08-28T15:00:00+00:00,Стара Загора,Petrol,Бензин A95,1.59,Стара Загора,изход за Казанлък (местност Бешбунар)
2026-08-28T15:00:00+00:00,Стара Загора,Petrol,Дизел,1.84,Стара Загора,изход за Казанлък (местност Бешбунар)
2026-08-28T15:00:00+00:00,Стара Загора,Petrol,Пропан Бутан,0.65,Стара Загора,изход за Казанлък (местност Бешбунар)
2026-08-28T15:00:00+00:00,Стара Загора,Petrol,Дизел премиум,1.99,Стара Загора,изход за Казанлък (местност Бешбунар)
2026-08-28T15:00:00+00:00,АМ Струма,Petrol,Бензин A95,1.63,,"гр. Перник, кв. Църква, (АМ Струма км 20+710 дясно)"
2026-08-28T15:00:00+00:00,АМ Струма,Petrol,Дизел,1.86,,"гр. Перник, кв. Църква, (АМ Струма км 20+710 дясно)"
2026-08-28T15:00:00+00:00,АМ Струма,Petrol,Пропан Бутан,0.66,,"гр. Перник, кв. Църква, (АМ Струма км 20+710 дясно)"
2026-08-28T15:00:00+00:00,АМ Струма,Petrol,Бензин A100,1.83,,"гр. Перник, кв. Църква, (АМ Струма км 20+710 дясно)"
2026-08-28T15:00:00+00:00,АМ Струма,Petrol,Дизел премиум,1.99,,"гр. Перник, кв. Църква, (АМ Струма км 20+710 дясно)"
2026-08-28T15:00:00+00:00,Мирково,Petrol,Бензин A95,1.59,,на гл. път 6
2026-08-28T15:00:00+00:00,Мирково,Petrol,Дизел,1.84,,на гл. път 6
2026-08-28T15:00:00+00:00,Драгичево,Petrol,Бензин A95,1.59,Перник,път Перник-София
2026-08-28T15:00:00+00:00,Драгичево,Petrol,Дизел,1.85,Перник,път Перник-София
2026-08-28T15:00:00+00:00,Драгичево,Petrol,Пропан Бутан,0.65,Перник,път Перник-София
2026-08-28T15:00:00+00:00,Драгичево,Petrol,Бензин A100,1.79,Перник,път Перник-София
2026-08-28T15:00:00+00:00,Драгичево,Petrol,Дизел премиум,1.99,Перник,път Перник-София
2026-08-28T15:00:00+00:00,Годеч,Petrol,Бензин A95,1.59,,изход за София
2026-08-28T15:00:00+00:00,Годеч,Petrol,Дизел,1.84,,изход за София
2026-08-28T15:00:00+00:00,АМ Хемус,Petrol,Бензин A95,1.63,,км. 5+540 дясно
2026-08-28T15:00:00+00:00,АМ Хемус,Petrol,Дизел,1.86,,км. 5+540 дясно
2026-08-28T15:00:00+00:00,АМ Хемус,Petrol,Пропан Бутан,0.66,,км. 5+540 дясно
2026-08-28T15:00:00+00:00,АМ Хемус,Petrol,Бензин A100,1.83,,км. 5+540 дясно
2026-08-28T15:00:00+00:00,АМ Хемус,Petrol,Дизел премиум,1.99,,км. 5+540 дясно
2026-08-28T15:00:00+00:00,Ихтиман,Petrol,Бензин A95,1.57,София област,ул. Цар Освободител
2026-08-28T15:00:00+00:00,Ихтиман,Petrol,Дизел,1.84,София област,ул. Цар Освободител
2026-08-28T15:00:00+00:00,Ихтиман,Petrol,Пропан Бутан,0.64,София област,ул. Цар Освободител
2026-08-28T15:00:00+00:00,Ихтиман,Petrol,Дизел премиум,1.99,София област,ул. Цар Освободител
2026-08-28T15:00:00+00:00,Извор,Petrol,Бензин A95,1.59,,вход от Радомир
2026-08-28T15:00:00+00:00,Извор,Petrol,Дизел,1.84,,вход от Радомир
2026-08-28T15:00:00+00:00,Етрополе,Petrol,Бензин A95,1.59,,бул. Руски (вход от Златица)
2026-08-28T15:00:00+00:00,Етрополе,Petrol,Дизел,1.84,,бул. Руски (вход от Златица)
2026-08-28T15:00:00+00:00,Етрополе,Petrol,Пропан Бутан,0.65,,бул. Руски (вход от Златица)
2026-08-28T15:00:00+00:00,Етрополе,Petrol,Дизел премиум,1.99,,бул. Руски (вход от Златица)
2026-08-28T15:00:00+00:00,Самоков,Petrol,Бензин A95,1.58,София област,изход за София
2026-08-28T15:00:00+00:00,Самоков,Petrol,Дизел,1.84,София област,изход за София
2026-08-28T15:00:00+00:00,Самоков,Petrol,Пропан Бутан,0.65,София област,изход за София
2026-08-28T15:00:00+00:00,Самоков,Petrol,Дизел премиум,1.99,София област,изход за София
2026-08-28T15:00:00+00:00,Тутракан,Petrol,Бензин A95,1.59,Силистра,на път Русе - Силистра
2026-08-28T15:00:00+00:00,Тутракан,Petrol,Дизел,1.84,Силистра,на път Русе - Силистра
2026-08-28T15:00:00+00:00,Тутракан,Petrol,Дизел премиум,1.99,Силистра,на път Русе - Силистра
2026-08-28T15:00:00+00:00,София,Petrol,Бензин A95,1.59,София,"ж.к. Младост-3, бул. Йордан Милев"
2026-08-28T15:00:00+00:00,София,Petrol,Дизел,1.84,София,"ж.к. Младост-3, бул. Йордан Милев"
2026-08-28T15:00:00+00:00,София,Petrol,Бензин A100,1.79,София,"ж.к. Младост-3, бул. Йордан Милев"
2026-08-28T15:00:00+00:00,София,Petrol,Дизел премиум,1.99,София,"ж.к. Младост-3, бул. Йордан Милев"
2026-08-28T15:00:00+00:00,Силистра,Petrol,Бензин A95,1.61,Силистра,на ГКПП Силистра
2026-08-28T15:00:00+00:00,Силистра,Petrol,Дизел,1.86,Силистра,на ГКПП Силистра
2026-08-28T15:00:00+00:00,Алфатар,Petrol,Бензин A95,1.59,Силистра,ул. Олшанка
2026-08-28T15:00:00+00:00,Алфатар,Petrol,Дизел,1.84,Силистра,ул. Олшанка
2026-08-28T15:00:00+00:00,Алфатар,Petrol,Пропан Бутан,0.65,Силистра,ул. Олшанка
2026-08-28T15:00:00+00:00,Алфатар,Petrol,Дизел премиум,1.99,Силистра,ул. Олшанка
2026-08-28T15:00:00+00:00,Зафирово,Petrol,Бензин A95,1.59,,на път Русе - Силистра
2026-08-28T15:00:00+00:00,Зафирово,Petrol,Дизел,1.84,,на път Русе - Силистра
2026-08-28T15:00:00+00:00,Дулово,Petrol,Бензин A95,1.59,Силистра,на път Силистра - Шумен
2026-08-28T15:00:00+00:00,Дулово,Petrol,Дизел,1.85,Силистра,на път Силистра - Шумен
2026-08-28T15:00:00+00:00,Дулово,Petrol,Пропан Бутан,0.65,Силистра,на път Силистра - Шумен
2026-08-28T15:00:00+00:00,Дулово,Petrol,Дизел премиум,1.99,Силистра,на път Силистра - Шумен
2026-08-28T15:00:00+00:00,Силистра,Petrol,Бензин A95,1.58,Силистра,на изхода към Добрич
2026-08-28T15:00:00+00:00,Силистра,Petrol,Дизел,1.84,Силистра,на изхода към Добрич
2026-08-28T15:00:00+00:00,Силистра,Petrol,Пропан Бутан,0.64,Силистра,на изхода към Добрич
2026-08-28T15:00:00+00:00,Сеново,Petrol,Бензин A95,1.58,Разград,до МОК Каолиново
2026-08-28T15:00:00+00:00,Сеново,Petrol,Дизел,1.84,Разград,до МОК Каолиново
2026-08-28T15:00:00+00:00,Търговище,Petrol,Бензин A95,1.52,Търговище,бул. 29-ти януари
2026-08-28T15:00:00+00:00,Търговище,Petrol,Дизел,1.77,Търговище,бул. 29-ти януари
2026-08-28T15:00:00+00:00,Търговище,Petrol,Дизел премиум,1.89,Търговище,бул. 29-ти януари
2026-08-28T15:00:00+00:00,Омуртаг,Petrol,Бензин A95,1.59,Търговище,ул. Цар Освободител №37 (на изхода за Търговище)
2026-08-28T15:00:00+00:00,Омуртаг,Petrol,Дизел,1.84,Търговище,ул. Цар Освободител №37 (на изхода за Търговище)
2026-08-28T15:00:00+00:00,Омуртаг,Petrol,Пропан Бутан,0.65,Търговище,ул. Цар Освободител №37 (на изхода за Търговище)
2026-08-28T15:00:00+00:00,Омуртаг,Petrol,Дизел премиум,1.99,Търговище,ул. Цар Освободител №37 (на изхода за Търговище)
2026-08-28T15:00:00+00:00,Антоново,Petrol,Бензин A95,1.59,Търговище,гл. път София - Варна
2026-08-28T15:00:00+00:00,Антоново,Petrol,Дизел,1.84,Търговище,гл. път София - Варна
2026-08-28T15:00:00+00:00,Антоново,Petrol,Пропан Бутан,0.65,Търговище,гл. път София - Варна
2026-08-28T15:00:00+00:00,Антоново,Petrol,Дизел премиум,1.99,Търговище,гл. път София - Варна
2026-08-28T15:00:00+00:00,Попово,Petrol,Бензин A95,1.57,Търговище,на изхода за Разград
2026-08-28T15:00:00+00:00,Попово,Petrol,Дизел,1.83,Търговище,на изхода за Разград
2026-08-28T15:00:00+00:00,Попово,Petrol,Пропан Бутан,0.65,Търговище,на изхода за Разград
2026-08-28T15:00:00+00:00,Попово,Petrol,Дизел премиум,1.99,Търговище,на изхода за Разград
2026-08-28T15:00:00+00:00,София,Petrol,Бензин A95,1.59,София,до Пирогов
2026-08-28T15:00:00+00:00,София,Petrol,Дизел,1.84,София,до Пирогов
2026-08-28T15:00:00+00:00,София,Petrol,Дизел премиум,1.99,София,до Пирогов
2026-08-28T15:00:00+00:00,Банкя,Petrol,Бензин A95,1.58,,вход от Сливница
2026-08-28T15:00:00+00:00,Банкя,Petrol,Дизел,1.84,,вход от Сливница
2026-08-28T15:00:00+00:00,Банкя,Petrol,Дизел премиум,1.99,,вход от Сливница
2026-08-28T15:00:00+00:00,София,Petrol,Бензин A95,1.58,София,ж.к. Люлин 5 (околовръстно на Люлин)
2026-08-28T15:00:00+00:00,София,Petrol,Дизел,1.84,София,ж.к. Люлин 5 (околовръстно на Люлин)
2026-08-28T15:00:00+00:00,София,Petrol,Пропан Бутан,0.64,София,ж.к. Люлин 5 (околовръстно на Люлин)
2026-08-28T15:00:00+00:00,София,Petrol,Бензин A100,1.79,София,ж.к. Люлин 5 (околовръстно на Люлин)
2026-08-28T15:00:00+00:00,София,Petrol,Дизел премиум,1.99,София,ж.к. Люлин 5 (околовръстно на Люлин)
2026-08-28T15:00:00+00:00,АМ Тракия,Petrol,Бензин A95,1.59,,1-ви km (вход към София)
2026-08-28T15:00:00+00:00,АМ Тракия,Petrol,Дизел,1.85,,1-ви km (вход към София)
2026-08-28T15:00:00+00:00,АМ Тракия,Petrol,Пропан Бутан,0.65,,1-ви km (вход към София)
2026-08-28T15:00:00+00:00,АМ Тракия,Petrol,Дизел премиум,1.99,,1-ви km (вход към София)
2026-08-28T15:00:00+00:00,София,Petrol,Бензин A95,1.52,София,рест. Вагона зад Рамстор
2026-08-28T15:00:00+00:00,София,Petrol,Дизел,1.77,София,рест. Вагона зад Рамстор
2026-08-28T15:00:00+00:00,София,Petrol,Дизел премиум,1.89,София,рест. Вагона зад Рамстор
2026-08-28T15:00:00+00:00,София,Petrol,Бензин A95,1.59,София,бул. Драган Цанков (срещу КАТ)
2026-08-28T15:00:00+00:00,София,Petrol,Дизел,1.84,София,бул. Драган Цанков (срещу КАТ)
2026-08-28T15:00:00+00:00,София,Petrol,Пропан Бутан,0.65,София,бул. Драган Цанков (срещу КАТ)
2026-08-28T15:00:00+00:00,София,Petrol,Бензин A100,1.79,София,бул. Драган Цанков (срещу КАТ)
2026-08-28T15:00:00+00:00,София,Petrol,Дизел премиум,1.99,София,бул. Драган Цанков (срещу КАТ)
2026-08-28T15:00:00+00:00,София,Petrol,Бензин A95,1.61,София,бул. Сливница №512
2026-08-28T15:00:00+00:00,София,Petrol,Дизел,1.86,София,бул. Сливница №512
2026-08-28T15:00:00+00:00,София,Petrol,Дизел премиум,1.99,София,бул. Сливница №512
2026-08-28T15:00:00+00:00,София,Petrol,Бензин A95,1.57,София,бул. проф. Цветан Лазаров (кв. Слатина)
2026-08-28T15:00:00+00:00,София,Petrol,Дизел,1.84,София,бул. проф. Цветан Лазаров (кв. Слатина)
2026-08-28T15:00:00+00:00,София,Petrol,Пропан Бутан,0.64,София,бул. проф. Цветан Лазаров (кв. Слатина)
2026-08-28T15:00:00+00:00,София,Petrol,Дизел премиум,1.99,София,бул. проф. Цветан Лазаров (кв. Слатина)
2026-08-28T15:00:00+00:00,Русе,Petrol,Бензин A95,1.63,Русе,ул. Кариера (до Дунав мост)
2026-08-28T15:00:00+00:00,Русе,Petrol,Дизел,1.86,Русе,ул. Кариера (до Дунав мост)
2026-08-28T15:00:00+00:00,Русе,Petrol,Пропан Бутан,0.66,Русе,ул. Кариера (до Дунав мост)
2026-08-28T15:00:00+00:00,Русе,Petrol,Бензин A100,1.83,Русе,ул. Кариера (до Дунав мост)
2026-08-28T15:00:00+00:00,Русе,Petrol,Дизел премиум,1.99,Русе,ул. Кариера (до Дунав мост)
2026-08-28T15:00:00+00:00,Драгоман,Petrol,Бензин A95,1.63,,международен път Е80 посока Калотина-София
2026-08-28T15:00:00+00:00,Драгоман,Petrol,Дизел,1.86,,международен път Е80 посока Калотина-София
2026-08-28T15:00:00+00:00,София,Petrol,Бензин A95,1.52,София,бул. Цар Борис III (локално)
2026-08-28T15:00:00+00:00,София,Petrol,Дизел,1.76,София,бул. Цар Борис III (локално)
2026-08-28T15:00:00+00:00,Разград,Petrol,Бензин A95,1.59,Разград,на гл. път Русе - Варна
2026-08-28T15:00:00+00:00,Разград,Petrol,Дизел,1.84,Разград,на гл. път Русе - Варна
2026-08-28T15:00:00+00:00,Разград,Petrol,Пропан Бутан,0.65,Разград,на гл. път Русе - Варна
2026-08-28T15:00:00+00:00,Разград,Petrol,Дизел премиум,1.99,Разград,на гл. път Русе - Варна
2026-08-28T15:00:00+00:00,Средногорци,Petrol,Бензин A95,1.59,,изход към Мадан
2026-08-28T15:00:00+00:00,Средногорци,Petrol,Дизел,1.85,,изход към Мадан
2026-08-28T15:00:00+00:00,Средногорци,Petrol,Дизел премиум,1.99,,изход към Мадан
2026-08-28T15:00:00+00:00,АМ Тракия,Petrol,Бензин A95,1.61,,до Калугерово
2026-08-28T15:00:00+00:00,АМ Тракия,Petrol,Дизел,1.86,,до Калугерово
2026-08-28T15:00:00+00:00,Русе,Petrol,Бензин A95,1.59,Русе,бул. Липник №128 (до КАТ)
2026-08-28T15:00:00+00:00,Русе,Petrol,Дизел,1.84,Русе,бул. Липник №128 (до КАТ)
2026-08-28T15:00:00+00:00,Русе,Petrol,Пропан Бутан,0.65,Русе,бул. Липник №128 (до КАТ)
2026-08-28T15:00:00+00:00,Русе,Petrol,Дизел премиум,1.99,Русе,бул. Липник №128 (до КАТ)
2026-08-28T15:00:00+00:00,Неделино,Petrol,Бензин A95,1.59,Смолян,вход на селото
2026-08-28T15:00:00+00:00,Неделино,Petrol,Дизел,1.85,Смолян,вход на селото
2026-08-28T15:00:00+00:00,Неделино,Petrol,Пропан Бутан,0.65,Смолян,вход на селото
2026-08-28T15:00:00+00:00,Неделино,Petrol,Дизел премиум,1.99,Смолян,вход на селото
2026-08-28T15:00:00+00:00,Рудозем,Petrol,Бензин A95,1.61,Смолян,ул. Хан Аспарух
2026-08-28T15:00:00+00:00,Рудозем,Petrol,Дизел,1.86,Смолян,ул. Хан Аспарух
2026-08-28T15:00:00+00:00,Рудозем,Petrol,Пропан Бутан,0.66,Смолян,ул. Хан Аспарух
2026-08-28T15:00:00+00:00,Рудозем,Petrol,Дизел премиум,1.99,Смолян,ул. Хан Аспарух
2026-08-28T15:00:00+00:00,Златоград,Petrol,Бензин A95,1.59,Смолян,бул. България №31
2026-08-28T15:00:00+00:00,Златоград,Petrol,Дизел,1.85,Смолян,бул. България №31
2026-08-28T15:00:00+00:00,Златоград,Petrol,Пропан Бутан,0.64,Смолян,бул. България №31
2026-08-28T15:00:00+00:00,Златоград,Petrol,Дизел премиум,1.99,Смолян,бул. България №31
2026-08-28T15:00:00+00:00,Велинград,Petrol,Бензин A95,1.59,Пазарджик,ул. Христо Ботев №41
2026-08-28T15:00:00+00:00,Велинград,Petrol,Дизел,1.84,Пазарджик,ул. Христо Ботев №41
2026-08-28T15:00:00+00:00,Велинград,Petrol,Пропан Бутан,0.65,Пазарджик,ул. Христо Ботев №41
2026-08-28T15:00:00+00:00,Велинград,Petrol,Бензин A100,1.79,Пазарджик,ул. Христо Ботев №41
2026-08-28T15:00:00+00:00,Велинград,Petrol,Дизел премиум,1.99,Пазарджик,ул. Христо Ботев №41
2026-08-28T15:00:00+00:00,Смолян,Petrol,Бензин A95,1.58,Смолян,кв. Устово
2026-08-28T15:00:00+00:00,Смолян,Petrol,Дизел,1.83,Смолян,кв. Устово
2026-08-28T15:00:00+00:00,Смолян,Petrol,Пропан Бутан,0.64,Смолян,кв. Устово
2026-08-28T15:00:00+00:00,Смолян,Petrol,Дизел премиум,1.99,Смолян,кв. Устово
2026-08-28T15:00:00+00:00,Драгоман,Petrol,Бензин A95,1.63,,на гл. път Е80
2026-08-28T15:00:00+00:00,Драгоман,Petrol,Дизел,1.86,,на гл. път Е80
2026-08-28T15:00:00+00:00,Драгоман,Petrol,Пропан Бутан,0.66,,на гл. път Е80
2026-08-28T15:00:00+00:00,Драгоман,Petrol,Бензин A100,1.83,,на гл. път Е80
2026-08-28T15:00:00+00:00,Драгоман,Petrol,Дизел премиум,1.99,,на гл. път Е80
2026-08-28T15:00:00+00:00,Пазарджик,Petrol,Бензин A95,1.57,Пазарджик,бул. Цар Освободител №43
2026-08-28T15:00:00+00:00,Пазарджик,Petrol,Дизел,1.83,Пазарджик,бул. Цар Освободител №43
2026-08-28T15:00:00+00:00,Пазарджик,Petrol,Пропан Бутан,0.64,Пазарджик,бул. Цар Освободител №43
2026-08-28T15:00:00+00:00,Пазарджик,Petrol,Дизел премиум,1.99,Пазарджик,бул. Цар Освободител №43
2026-08-28T15:00:00+00:00,Септември,Petrol,Бензин A95,1.57,Пазарджик,на гл. път 8
2026-08-28T15:00:00+00:00,Септември,Petrol,Дизел,1.84,Пазарджик,на гл. път 8
2026-08-28T15:00:00+00:00,Септември,Petrol,Пропан Бутан,0.65,Пазарджик,на гл. път 8
2026-08-28T15:00:00+00:00,Септември,Petrol,Дизел премиум,1.99,Пазарджик,на гл. път 8
2026-08-28T15:00:00+00:00,Белово,Petrol,Бензин A95,1.57,Пазарджик,ул. Освобождение №177
2026-08-28T15:00:00+00:00,Белово,Petrol,Дизел,1.84,Пазарджик,ул. Освобождение №177
2026-08-28T15:00:00+00:00,Белово,Petrol,Дизел премиум,1.99,Пазарджик,ул. Освобождение №177
2026-08-28T15:00:00+00:00,Панагюрище,Petrol,Бензин A95,1.59,Пазарджик,ул. Георги Бенковски
2026-08-28T15:00:00+00:00,Панагюрище,Petrol,Дизел,1.84,Пазарджик,ул. Георги Бенковски
2026-08-28T15:00:00+00:00,Панагюрище,Petrol,Пропан Бутан,0.65,Пазарджик,ул. Георги Бенковски
2026-08-28T15:00:00+00:00,Панагюрище,Petrol,Дизел премиум,1.99,Пазарджик,ул. Георги Бенковски
2026-08-28T15:00:00+00:00,Батак,Petrol,Бензин A95,1.59,Пазарджик,разклона за Доспат
2026-08-28T15:00:00+00:00,Батак,Petrol,Дизел,1.85,Пазарджик,разклона за Доспат
2026-08-28T15:00:00+00:00,АМ Тракия,Petrol,Бензин A95,1.63,,до Церово
2026-08-28T15:00:00+00:00,АМ Тракия,Petrol,Дизел,1.86,,до Церово
2026-08-28T15:00:00+00:00,АМ Тракия,Petrol,Дизел премиум,1.99,,до Церово
2026-08-28T15:00:00+00:00,Девин,Petrol,Бензин A95,1.62,Смолян,ул. Освобождение
2026-08-28T15:00:00+00:00,Девин,Petrol,Дизел,1.88,Смолян,ул. Освобождение
2026-08-28T15:00:00+00:00,Девин,Petrol,Пропан Бутан,0.68,Смолян,ул. Освобождение
2026-08-28T15:00:00+00:00,Девин,Petrol,Дизел премиум,1.99,Смолян,ул. Освобождение
2026-08-28T15:00:00+00:00,Пампорово,Petrol,Бензин A95,1.59,Смолян,на пътя Пампорово-Чепеларе
2026-08-28T15:00:00+00:00,Пампорово,Petrol,Дизел,1.85,Смолян,на пътя Пампорово-Чепеларе
2026-08-28T15:00:00+00:00,Пампорово,Petrol,Пропан Бутан,0.65,Смолян,на пътя Пампорово-Чепеларе
2026-08-28T15:00:00+00:00,Пампорово,Petrol,Дизел премиум,1.99,Смолян,на пътя Пампорово-Чепеларе
2026-08-28T15:00:00+00:00,Русе,Petrol,Бензин A95,1.59,Русе,бул. Христо Ботев (изход за Варна)
2026-08-28T15:00:00+00:00,Русе,Petrol,Дизел,1.84,Русе,бул. Христо Ботев (изход за Варна)
2026-08-28T15:00:00+00:00,Русе,Petrol,Пропан Бутан,0.65,Русе,бул. Христо Ботев (изход за Варна)
2026-08-28T15:00:00+00:00,Русе,Petrol,Дизел премиум,1.99,Русе,бул. Христо Ботев (изход за Варна)
2026-08-28T15:00:00+00:00,Две могили,Petrol,Бензин A95,1.59,Русе,ул. Черно море №5
2026-08-28T15:00:00+00:00,Две могили,Petrol,Дизел,1.85,Русе,ул. Черно море №5
2026-08-28T15:00:00+00:00,Две могили,Petrol,Дизел премиум,1.99,Русе,ул. Черно море №5
2026-08-28T15:00:00+00:00,Бяла,Petrol,Бензин A95,1.59,Русе,бул. Кольо Фичето (на гл. път Русе - София)
2026-08-28T15:00:00+00:00,Бяла,Petrol,Дизел,1.84,Русе,бул. Кольо Фичето (на гл. път Русе - София)
2026-08-28T15:00:00+00:00,Бяла,Petrol,Пропан Бутан,0.65,Русе,бул. Кольо Фичето (на гл. път Русе - София)
2026-08-28T15:00:00+00:00,Бяла,Petrol,Дизел премиум,1.99,Русе,бул. Кольо Фичето (на гл. път Русе - София)
2026-08-28T15:00:00+00:00,Русе,Petrol,Бензин A95,1.52,Русе,ул. Околчица №19 (до стадион Дунав)
2026-08-28T15:00:00+00:00,Русе,Petrol,Дизел,1.77,Русе,ул. Околчица №19 (до стадион Дунав)
2026-08-28T15:00:00+00:00,Кубрат,Petrol,Бензин A95,1.59,Разград,на път Русе - Кубрат
2026-08-28T15:00:00+00:00,Кубрат,Petrol,Дизел,1.85,Разград,на път Русе - Кубрат
2026-08-28T15:00:00+00:00,Кубрат,Petrol,Пропан Бутан,0.65,Разград,на път Русе - Кубрат
2026-08-28T15:00:00+00:00,Завет,Petrol,Бензин A95,1.58,Разград,изход път Кубрат
2026-08-28T15:00:00+00:00,Завет,Petrol,Дизел,1.84,Разград,изход път Кубрат
2026-08-28T15:00:00+00:00,Пловдив,Petrol,Бензин A95,1.52,Пловдив,бул. Санкт Петербург №135
2026-08-28T15:00:00+00:00,Пловдив,Petrol,Дизел,1.77,Пловдив,бул. Санкт Петербург №135
2026-08-28T15:00:00+00:00,Пловдив,Petrol,Бензин A100,1.72,Пловдив,бул. Санкт Петербург №135
2026-08-28T15:00:00+00:00,Пловдив,Petrol,Дизел премиум,1.89,Пловдив,бул. Санкт Петербург №135
2026-08-28T15:00:00+00:00,Перущица,Petrol,Бензин A95,1.59,,ул. Иван Вазов №1А
2026-08-28T15:00:00+00:00,Перущица,Petrol,Дизел,1.84,,ул. Иван Вазов №1А
2026-08-28T15:00:00+00:00,Перущица,Petrol,Дизел премиум,1.99,,ул. Иван Вазов №1А
2026-08-28T15:00:00+00:00,Асеновград,Petrol,Бензин A95,1.52,Пловдив,ул. Цар Иван Асен II (железен мост)
2026-08-28T15:00:00+00:00,Асеновград,Petrol,Дизел,1.77,Пловдив,ул. Цар Иван Асен II (железен мост)
2026-08-28T15:00:00+00:00,Асеновград,Petrol,Дизел премиум,1.89,Пловдив,ул. Цар Иван Асен II (железен мост)
2026-08-28T15:00:00+00:00,Хисаря,Petrol,Бензин A95,1.59,Пловдив,бул. Христо Ботев №20А
2026-08-28T15:00:00+00:00,Хисаря,Petrol,Дизел,1.85,Пловдив,бул. Христо Ботев №20А
2026-08-28T15:00:00+00:00,Хисаря,Petrol,Пропан Бутан,0.66,Пловдив,бул. Христо Ботев №20А
2026-08-28T15:00:00+00:00,Хисаря,Petrol,Дизел премиум,1.99,Пловдив,бул. Христо Ботев №20А
2026-08-28T15:00:00+00:00,Асеновград,Petrol,Бензин A95,1.59,Пловдив,Бачковско шосе
2026-08-28T15:00:00+00:00,Асеновград,Petrol,Дизел,1.84,Пловдив,Бачковско шосе
2026-08-28T15:00:00+00:00,Асеновград,Petrol,Пропан Бутан,0.64,Пловдив,Бачковско шосе
2026-08-28T15:00:00+00:00,Асеновград,Petrol,Дизел премиум,1.99,Пловдив,Бачковско шосе
2026-08-28T15:00:00+00:00,Белозем,Petrol,Бензин A95,1.57,,на изхода към АМ Тракия
2026-08-28T15:00:00+00:00,Белозем,Petrol,Дизел,1.83,,на изхода към АМ Тракия
2026-08-28T15:00:00+00:00,Пловдив,Petrol,Бензин A95,1.59,Пловдив,"ж.р. Тракия, ул. Цар Симеон"
2026-08-28T15:00:00+00:00,Пловдив,Petrol,Дизел,1.84,Пловдив,"ж.р. Тракия, ул. Цар Симеон"
2026-08-28T15:00:00+00:00,Пловдив,Petrol,Пропан Бутан,0.65,Пловдив,"ж.р. Тракия, ул. Цар Симеон"
2026-08-28T15:00:00+00:00,Пловдив,Petrol,Дизел премиум,1.99,Пловдив,"ж.р. Тракия, ул. Цар Симеон"
2026-08-28T15:00:00+00:00,Кричим,Petrol,Бензин A95,1.59,,бул. Тракия №22
2026-08-28T15:00:00+00:00,Кричим,Petrol,Дизел,1.84,,бул. Тракия №22
2026-08-28T15:00:00+00:00,Кричим,Petrol,Пропан Бутан,0.65,,бул. Тракия №22
2026-08-28T15:00:00+00:00,Кричим,Petrol,Дизел премиум,1.99,,бул. Тракия №22
2026-08-28T15:00:00+00:00,Пловдив,Petrol,Бензин A95,1.52,Пловдив,ул. Родопи №102
2026-08-28T15:00:00+00:00,Пловдив,Petrol,Дизел,1.77,Пловдив,ул. Родопи №102
2026-08-28T15:00:00+00:00,Стамболийски,Petrol,Бензин A95,1.59,Пловдив,на гл. път Пловдив-Пазарджик (м. Орта Хан)
2026-08-28T15:00:00+00:00,Стамболийски,Petrol,Дизел,1.84,Пловдив,на гл. път Пловдив-Пазарджик (м. Орта Хан)
2026-08-28T15:00:00+00:00,Стамболийски,Petrol,Пропан Бутан,0.65,Пловдив,на гл. път Пловдив-Пазарджик (м. Орта Хан)
2026-08-28T15:00:00+00:00,Стамболийски,Petrol,Дизел премиум,1.99,Пловдив,на гл. път Пловдив-Пазарджик (м. Орта Хан)
2026-08-28T15:00:00+00:00,Съединение,Petrol,Бензин A95,1.59,,бул. Пловдив
2026-08-28T15:00:00+00:00,Съединение,Petrol,Дизел,1.85,,бул. Пловдив
2026-08-28T15:00:00+00:00,Съединение,Petrol,Пропан Бутан,0.65,,бул. Пловдив
2026-08-28T15:00:00+00:00,Съединение,Petrol,Дизел премиум,1.99,,бул. Пловдив
2026-08-28T15:00:00+00:00,Раковски,Petrol,Бензин A95,1.58,Пловдив,кв. Парчевич
2026-08-28T15:00:00+00:00,Раковски,Petrol,Дизел,1.84,Пловдив,кв. Парчевич
2026-08-28T15:00:00+00:00,Раковски,Petrol,Пропан Бутан,0.65,Пловдив,кв. Парчевич
2026-08-28T15:00:00+00:00,Раковски,Petrol,Дизел премиум,1.99,Пловдив,кв. Парчевич
2026-08-28T15:00:00+00:00,Карлово,Petrol,Бензин A95,1.58,Пловдив,на гл. път I-6
2026-08-28T15:00:00+00:00,Карлово,Petrol,Дизел,1.84,Пловдив,на гл. път I-6
2026-08-28T15:00:00+00:00,Карлово,Petrol,Пропан Бутан,0.65,Пловдив,на гл. път I-6
2026-08-28T15:00:00+00:00,Карлово,Petrol,Дизел премиум,1.99,Пловдив,на гл. път I-6
2026-08-28T15:00:00+00:00,Пловдив,Petrol,Бензин A95,1.59,Пловдив,бул. България
2026-08-28T15:00:00+00:00,Пловдив,Petrol,Дизел,1.84,Пловдив,бул. България
2026-08-28T15:00:00+00:00,Пловдив,Petrol,Пропан Бутан,0.65,Пловдив,бул. България
2026-08-28T15:00:00+00:00,Пловдив,Petrol,Дизел премиум,1.99,Пловдив,бул. България
2026-08-28T15:00:00+00:00,Пловдив,Petrol,Бензин A95,1.59,Пловдив,бул. Васил Априлов №76
2026-08-28T15:00:00+00:00,Пловдив,Petrol,Дизел,1.84,Пловдив,бул. Васил Априлов №76
2026-08-28T15:00:00+00:00,Пловдив,Petrol,Пропан Бутан,0.65,Пловдив,бул. Васил Априлов №76
2026-08-28T15:00:00+00:00,Пловдив,Petrol,Бензин A100,1.79,Пловдив,бул. Васил Априлов №76
2026-08-28T15:00:00+00:00,Пловдив,Petrol,Дизел премиум,1.99,Пловдив,бул. Васил Априлов №76
2026-08-28T15:00:00+00:00,Пловдив,Petrol,Бензин A95,1.59,Пловдив,бул. Начо Цанов (Асеновградско шосе)
2026-08-28T15:00:00+00:00,Пловдив,Petrol,Дизел,1.84,Пловдив,бул. Начо Цанов (Асеновградско шосе)
2026-08-28T15:00:00+00:00,Пловдив,Petrol,Дизел премиум,1.99,Пловдив,бул. Начо Цанов (Асеновградско шосе)
2026-08-28T15:00:00+00:00,Малиново,Petrol,Бензин A95,1.59,,на път 4 (София-Варна)
2026-08-28T15:00:00+00:00,Малиново,Petrol,Дизел,1.85,,на път 4 (София-Варна)
2026-08-28T15:00:00+00:00,Малиново,Petrol,Пропан Бутан,0.65,,на път 4 (София-Варна)
2026-08-28T15:00:00+00:00,Малиново,Petrol,Дизел премиум,1.99,,на път 4 (София-Варна)
2026-08-28T15:00:00+00:00,Белене,Petrol,Бензин A95,1.59,Плевен,на изхода за Плевен
2026-08-28T15:00:00+00:00,Белене,Petrol,Дизел,1.84,Плевен,на изхода за Плевен
2026-08-28T15:00:00+00:00,Белене,Petrol,Пропан Бутан,0.65,Плевен,на изхода за Плевен
2026-08-28T15:00:00+00:00,Белене,Petrol,Дизел премиум,1.99,Плевен,на изхода за Плевен
2026-08-28T15:00:00+00:00,Елена,Petrol,Бензин A95,1.59,Велико Търново,в индустриалната част
2026-08-28T15:00:00+00:00,Елена,Petrol,Дизел,1.85,Велико Търново,в индустриалната част
2026-08-28T15:00:00+00:00,Елена,Petrol,Пропан Бутан,0.65,Велико Търново,в индустриалната част
2026-08-28T15:00:00+00:00,Горна Оряховица,Petrol,Бензин A95,1.57,Велико Търново,до казармата
2026-08-28T15:00:00+00:00,Горна Оряховица,Petrol,Дизел,1.84,Велико Търново,до казармата
2026-08-28T15:00:00+00:00,Горна Оряховица,Petrol,Пропан Бутан,0.64,Велико Търново,до казармата
2026-08-28T15:00:00+00:00,Горна Оряховица,Petrol,Дизел премиум,1.99,Велико Търново,до казармата
2026-08-28T15:00:00+00:00,Свищов,Petrol,Бензин A95,1.57,Велико Търново,ул. 33-ти Свищовски полк №83
2026-08-28T15:00:00+00:00,Свищов,Petrol,Дизел,1.84,Велико Търново,ул. 33-ти Свищовски полк №83
2026-08-28T15:00:00+00:00,Свищов,Petrol,Пропан Бутан,0.64,Велико Търново,ул. 33-ти Свищовски полк №83
2026-08-28T15:00:00+00:00,Свищов,Petrol,Дизел премиум,1.99,Велико Търново,ул. 33-ти Свищовски полк №83
2026-08-28T15:00:00+00:00,Полски Тръмбеш,Petrol,Бензин A95,1.59,Велико Търново,изхода за Велико Търново
2026-08-28T15:00:00+00:00,Полски Тръмбеш,Petrol,Дизел,1.84,Велико Търново,изхода за Велико Търново
2026-08-28T15:00:00+00:00,АМ Хемус,Petrol,Бензин A95,1.63,,до Ябланица
2026-08-28T15:00:00+00:00,АМ Хемус,Petrol,Дизел,1.86,,до Ябланица
2026-08-28T15:00:00+00:00,АМ Хемус,Petrol,Пропан Бутан,0.66,,до Ябланица
2026-08-28T15:00:00+00:00,АМ Хемус,Petrol,Бензин A100,1.83,,до Ябланица
2026-08-28T15:00:00+00:00,АМ Хемус,Petrol,Дизел премиум,1.99,,до Ябланица
2026-08-28T15:00:00+00:00,Микре,Petrol,Бензин A95,1.59,,на пътя София-Варна
2026-08-28T15:00:00+00:00,Микре,Petrol,Дизел,1.85,,на пътя София-Варна
2026-08-28T15:00:00+00:00,Микре,Petrol,Дизел премиум,1.99,,на пътя София-Варна
2026-08-28T15:00:00+00:00,Велико Търново,Petrol,Бензин A95,1.59,Велико Търново,ул. Магистрална (на входа от Варна)
2026-08-28T15:00:00+00:00,Велико Търново,Petrol,Дизел,1.85,Велико Търново,ул. Магистрална (на входа от Варна)
2026-08-28T15:00:00+00:00,Велико Търново,Petrol,Пропан Бутан,0.65,Велико Търново,ул. Магистрална (на входа от Варна)
2026-08-28T15:00:00+00:00,Велико Търново,Petrol,Дизел премиум,1.99,Велико Търново,ул. Магистрална (на входа от Варна)
2026-08-28T15:00:00+00:00,Червен бряг,Petrol,Бензин A95,1.61,Плевен,до база Петрол
2026-08-28T15:00:00+00:00,Червен бряг,Petrol,Дизел,1.85,Плевен,до база Петрол
2026-08-28T15:00:00+00:00,Червен бряг,Petrol,Пропан Бутан,0.65,Плевен,до база Петрол
2026-08-28T15:00:00+00:00,Червен бряг,Petrol,Дизел премиум,1.99,Плевен,до база Петрол
2026-08-28T15:00:00+00:00,Златна Панега,Petrol,Бензин A95,1.57,,на пътя за София
2026-08-28T15:00:00+00:00,Златна Панега,Petrol,Дизел,1.84,,на пътя за София
2026-08-28T15:00:00+00:00,Златна Панега,Petrol,Пропан Бутан,0.64,,на пътя за София
2026-08-28T15:00:00+00:00,Златна Панега,Petrol,Дизел премиум,1.99,,на пътя за София
2026-08-28T15:00:00+00:00,Луковит,Petrol,Бензин A95,1.59,Ловеч,на входа от София
2026-08-28T15:00:00+00:00,Луковит,Petrol,Дизел,1.84,Ловеч,на входа от София
2026-08-28T15:00:00+00:00,Луковит,Petrol,Пропан Бутан,0.65,Ловеч,на входа от София
2026-08-28T15:00:00+00:00,Луковит,Petrol,Дизел премиум,1.99,Ловеч,на входа от София
2026-08-28T15:00:00+00:00,Троян,Petrol,Бензин A95,1.58,Ловеч,изход за Беклемето
2026-08-28T15:00:00+00:00,Троян,Petrol,Дизел,1.84,Ловеч,изход за Беклемето
2026-08-28T15:00:00+00:00,Троян,Petrol,Пропан Бутан,0.65,Ловеч,изход за Беклемето
2026-08-28T15:00:00+00:00,Троян,Petrol,Дизел премиум,1.99,Ловеч,изход за Беклемето
2026-08-28T15:00:00+00:00,Ловеч,Petrol,Бензин A95,1.59,Ловеч,ул. Доктор Съйко Съев (на изхода за София)
2026-08-28T15:00:00+00:00,Ловеч,Petrol,Дизел,1.84,Ловеч,ул. Доктор Съйко Съев (на изхода за София)
2026-08-28T15:00:00+00:00,Ловеч,Petrol,Пропан Бутан,0.64,Ловеч,ул. Доктор Съйко Съев (на изхода за София)
2026-08-28T15:00:00+00:00,Ловеч,Petrol,Дизел премиум,1.99,Ловеч,ул. Доктор Съйко Съев (на изхода за София)
2026-08-28T15:00:00+00:00,Севлиево,Petrol,Бензин A95,1.58,Габрово,на входа от Плевен
2026-08-28T15:00:00+00:00,Севлиево,Petrol,Дизел,1.83,Габрово,на входа от Плевен
2026-08-28T15:00:00+00:00,Севлиево,Petrol,Пропан Бутан,0.64,Габрово,на входа от Плевен
2026-08-28T15:00:00+00:00,Севлиево,Petrol,Дизел премиум,1.99,Габрово,на входа от Плевен
2026-08-28T15:00:00+00:00,Трявна,Petrol,Бензин A95,1.59,Габрово,изход за Дряново
2026-08-28T15:00:00+00:00,Трявна,Petrol,Дизел,1.84,Габрово,изход за Дряново
2026-08-28T15:00:00+00:00,Трявна,Petrol,Пропан Бутан,0.64,Габрово,изход за Дряново
2026-08-28T15:00:00+00:00,Трявна,Petrol,Дизел премиум,1.99,Габрово,изход за Дряново
2026-08-28T15:00:00+00:00,Габрово,Petrol,Бензин A95,1.57,Габрово,изход за Севлиево
2026-08-28T15:00:00+00:00,Габрово,Petrol,Дизел,1.83,Габрово,изход за Севлиево
2026-08-28T15:00:00+00:00,Габрово,Petrol,Пропан Бутан,0.64,Габрово,изход за Севлиево
2026-08-28T15:00:00+00:00,Габрово,Petrol,Бензин A100,1.79,Габрово,изход за Севлиево
2026-08-28T15:00:00+00:00,Габрово,Petrol,Дизел премиум,1.99,Габрово,изход за Севлиево
2026-08-28T15:00:00+00:00,Велико Търново,Petrol,Бензин A95,1.58,Велико Търново,бул. България
2026-08-28T15:00:00+00:00,Велико Търново,Petrol,Дизел,1.84,Велико Търново,бул. България
2026-08-28T15:00:00+00:00,Велико Търново,Petrol,Пропан Бутан,0.64,Велико Търново,бул. България
2026-08-28T15:00:00+00:00,Велико Търново,Petrol,Бензин A100,1.79,Велико Търново,бул. България
2026-08-28T15:00:00+00:00,Велико Търново,Petrol,Дизел премиум,1.99,Велико Търново,бул. България
2026-08-28T15:00:00+00:00,Ресен,Petrol,Бензин A95,1.59,,изход Павликени
2026-08-28T15:00:00+00:00,Ресен,Petrol,Дизел,1.85,,изход Павликени
2026-08-28T15:00:00+00:00,Гулянци,Petrol,Бензин A95,1.59,Плевен,на изхода за Никопол и Плевен
2026-08-28T15:00:00+00:00,Гулянци,Petrol,Дизел,1.85,Плевен,на изхода за Никопол и Плевен
2026-08-28T15:00:00+00:00,Тетевен,Petrol,Бензин A95,1.59,Ловеч,ул. Вършец №67
2026-08-28T15:00:00+00:00,Тетевен,Petrol,Дизел,1.84,Ловеч,ул. Вършец №67
2026-08-28T15:00:00+00:00,Тетевен,Petrol,Бензин A100,1.79,Ловеч,ул. Вършец №67
2026-08-28T15:00:00+00:00,Тетевен,Petrol,Дизел премиум,1.99,Ловеч,ул. Вършец №67
2026-08-28T15:00:00+00:00,Левски,Petrol,Бензин A95,1.59,Плевен,ул. Цар Иван Асен II (изход за Плевен)
2026-08-28T15:00:00+00:00,Левски,Petrol,Дизел,1.84,Плевен,ул. Цар Иван Асен II (изход за Плевен)
2026-08-28T15:00:00+00:00,Левски,Petrol,Пропан Бутан,0.65,Плевен,ул. Цар Иван Асен II (изход за Плевен)
2026-08-28T15:00:00+00:00,Левски,Petrol,Дизел премиум,1.99,Плевен,ул. Цар Иван Асен II (изход за Плевен)
2026-08-28T15:00:00+00:00,Плевен,Petrol,Бензин A95,1.57,Плевен,ул. Гривишко шосе
2026-08-28T15:00:00+00:00,Плевен,Petrol,Дизел,1.84,Плевен,ул. Гривишко шосе
2026-08-28T15:00:00+00:00,Плевен,Petrol,Пропан Бутан,0.64,Плевен,ул. Гривишко шосе
2026-08-28T15:00:00+00:00,Плевен,Petrol,Дизел премиум,1.99,Плевен,ул. Гривишко шосе
2026-08-28T15:00:00+00:00,Радомирци,Petrol,Бензин A95,1.61,,пътя Плевен - София
2026-08-28T15:00:00+00:00,Радомирци,Petrol,Дизел,1.86,,пътя Плевен - София
2026-08-28T15:00:00+00:00,Радомирци,Petrol,Пропан Бутан,0.65,,пътя Плевен - София
2026-08-28T15:00:00+00:00,Българене,Petrol,Бензин A95,1.59,,на пътя за Русе
2026-08-28T15:00:00+00:00,Българене,Petrol,Дизел,1.85,,на пътя за Русе
2026-08-28T15:00:00+00:00,Българене,Petrol,Пропан Бутан,0.65,,на пътя за Русе
2026-08-28T15:00:00+00:00,Българене,Petrol,Дизел премиум,1.99,,на пътя за Русе
2026-08-28T15:00:00+00:00,Черковица,Petrol,Бензин A95,1.59,,на изхода за Плевен
2026-08-28T15:00:00+00:00,Черковица,Petrol,Дизел,1.85,,на изхода за Плевен
2026-08-28T15:00:00+00:00,Варна,Petrol,Бензин A95,1.59,Варна,"кв. Владислав Варненчик, местност Голям пясък парцел 64"
2026-08-28T15:00:00+00:00,Варна,Petrol,Дизел,1.84,Варна,"кв. Владислав Варненчик, местност Голям пясък парцел 64"
2026-08-28T15:00:00+00:00,Варна,Petrol,Пропан Бутан,0.65,Варна,"кв. Владислав Варненчик, местност Голям пясък парцел 64"
2026-08-28T15:00:00+00:00,Варна,Petrol,Бензин A100,1.79,Варна,"кв. Владислав Варненчик, местност Голям пясък парцел 64"
2026-08-28T15:00:00+00:00,Варна,Petrol,Дизел премиум,1.99,Варна,"кв. Владислав Варненчик, местност Голям пясък парцел 64"
2026-08-28T15:00:00+00:00,Варна,Petrol,Бензин A95,1.59,Варна,бул. Владислав Варненчик (изход за София)
2026-08-28T15:00:00+00:00,Варна,Petrol,Дизел,1.84,Варна,бул. Владислав Варненчик (изход за София)
2026-08-28T15:00:00+00:00,Варна,Petrol,Пропан Бутан,0.65,Варна,бул. Владислав Варненчик (изход за София)
2026-08-28T15:00:00+00:00,Варна,Petrol,Бензин A100,1.79,Варна,бул. Владислав Варненчик (изход за София)
2026-08-28T15:00:00+00:00,Варна,Petrol,Дизел премиум,1.99,Варна,бул. Владислав Варненчик (изход за София)
2026-08-28T15:00:00+00:00,Суворово,Petrol,Бензин A95,1.59,Варна,Суворово
2026-08-28T15:00:00+00:00,Суворово,Petrol,Дизел,1.85,Варна,Суворово
2026-08-28T15:00:00+00:00,Суворово,Petrol,Дизел премиум,1.99,Варна,Суворово
2026-08-28T15:00:00+00:00,Белослав,Petrol,Бензин A95,1.58,Варна,кв. Младост (изход към Варна)
2026-08-28T15:00:00+00:00,Белослав,Petrol,Дизел,1.83,Варна,кв. Младост (изход към Варна)
2026-08-28T15:00:00+00:00,Смядово,Petrol,Бензин A95,1.59,Шумен,местност Студен кладенец
2026-08-28T15:00:00+00:00,Смядово,Petrol,Дизел,1.84,Шумен,местност Студен кладенец
2026-08-28T15:00:00+00:00,Смядово,Petrol,Пропан Бутан,0.65,Шумен,местност Студен кладенец
2026-08-28T15:00:00+00:00,Смядово,Petrol,Дизел премиум,1.99,Шумен,местност Студен кладенец
2026-08-28T15:00:00+00:00,Монтана,Petrol,Бензин A95,1.58,Монтана,бул. Христо Ботев №66
2026-08-28T15:00:00+00:00,Монтана,Petrol,Дизел,1.84,Монтана,бул. Христо Ботев №66
2026-08-28T15:00:00+00:00,Монтана,Petrol,Пропан Бутан,0.65,Монтана,бул. Христо Ботев №66
2026-08-28T15:00:00+00:00,Монтана,Petrol,Дизел премиум,1.99,Монтана,бул. Христо Ботев №66
2026-08-28T15:00:00+00:00,Варна,Petrol,Бензин A95,1.52,Варна,ул. Тодор Радев Пенев (ж.к. Победа)
2026-08-28T15:00:00+00:00,Варна,Petrol,Дизел,1.77,Варна,ул. Тодор Радев Пенев (ж.к. Победа)
2026-08-28T15:00:00+00:00,Варна,Petrol,Бензин A95,1.61,Варна,м. Харамията
2026-08-28T15:00:00+00:00,Варна,Petrol,Дизел,1.86,Варна,м. Харамията
2026-08-28T15:00:00+00:00,Варна,Petrol,Пропан Бутан,0.66,Варна,м. Харамията
2026-08-28T15:00:00+00:00,Варна,Petrol,Дизел премиум,1.99,Варна,м. Харамията
2026-08-28T15:00:00+00:00,Добрич,Petrol,Бензин A95,1.57,Добрич,ул. Калиакра
2026-08-28T15:00:00+00:00,Добрич,Petrol,Дизел,1.82,Добрич,ул. Калиакра
2026-08-28T15:00:00+00:00,Добрич,Petrol,Пропан Бутан,0.64,Добрич,ул. Калиакра
2026-08-28T15:00:00+00:00,Добрич,Petrol,Дизел премиум,1.99,Добрич,ул. Калиакра
2026-08-28T15:00:00+00:00,Тервел,Petrol,Бензин A95,1.59,Добрич,ул. Хан Аспарух №99
2026-08-28T15:00:00+00:00,Тервел,Petrol,Дизел,1.84,Добрич,ул. Хан Аспарух №99
2026-08-28T15:00:00+00:00,Тервел,Petrol,Пропан Бутан,0.64,Добрич,ул. Хан Аспарух №99
2026-08-28T15:00:00+00:00,Тервел,Petrol,Дизел премиум,1.99,Добрич,ул. Хан Аспарух №99
2026-08-28T15:00:00+00:00,Каварна,Petrol,Бензин A95,1.61,Добрич,ул. България №1
2026-08-28T15:00:00+00:00,Каварна,Petrol,Дизел,1.86,Добрич,ул. България №1
2026-08-28T15:00:00+00:00,Каварна,Petrol,Пропан Бутан,0.65,Добрич,ул. България №1
2026-08-28T15:00:00+00:00,Каварна,Petrol,Дизел премиум,1.99,Добрич,ул. България №1
2026-08-28T15:00:00+00:00,Балчик,Petrol,Бензин A95,1.59,Добрич,ул. Дунав
2026-08-28T15:00:00+00:00,Балчик,Petrol,Дизел,1.84,Добрич,ул. Дунав
2026-08-28T15:00:00+00:00,Балчик,Petrol,Пропан Бутан,0.66,Добрич,ул. Дунав
2026-08-28T15:00:00+00:00,Балчик,Petrol,Дизел премиум,1.99,Добрич,ул. Дунав
2026-08-28T15:00:00+00:00,Шумен,Petrol,Бензин A95,1.58,Шумен,бул. Симеон Велики №82 (изход за Варна)
2026-08-28T15:00:00+00:00,Шумен,Petrol,Дизел,1.84,Шумен,бул. Симеон Велики №82 (изход за Варна)
2026-08-28T15:00:00+00:00,Шумен,Petrol,Бензин A95,1.59,Шумен,5-и км (местност Мералък)
2026-08-28T15:00:00+00:00,Шумен,Petrol,Дизел,1.84,Шумен,5-и км (местност Мералък)
2026-08-28T15:00:00+00:00,Шумен,Petrol,Пропан Бутан,0.65,Шумен,5-и км (местност Мералък)
2026-08-28T15:00:00+00:00,Шумен,Petrol,Дизел премиум,1.99,Шумен,5-и км (местност Мералък)
2026-08-28T15:00:00+00:00,Шумен,Petrol,Бензин A95,1.59,Шумен,ул. Ген. Скобелев
2026-08-28T15:00:00+00:00,Шумен,Petrol,Дизел,1.84,Шумен,ул. Ген. Скобелев
2026-08-28T15:00:00+00:00,Шумен,Petrol,Пропан Бутан,0.64,Шумен,ул. Ген. Скобелев
2026-08-28T15:00:00+00:00,Шумен,Petrol,Дизел премиум,1.99,Шумен,ул. Ген. Скобелев
2026-08-28T15:00:00+00:00,Мездра,Petrol,Бензин A95,1.59,Враца,център
2026-08-28T15:00:00+00:00,Мездра,Petrol,Дизел,1.84,Враца,център
2026-08-28T15:00:00+00:00,Мездра,Petrol,Дизел премиум,1.99,Враца,център
2026-08-28T15:00:00+00:00,Видин,Petrol,Бензин A95,1.52,Видин,ул. Митрополит Кирил №1
2026-08-28T15:00:00+00:00,Видин,Petrol,Дизел,1.77,Видин,ул. Митрополит Кирил №1
2026-08-28T15:00:00+00:00,Видин,Petrol,Дизел премиум,1.89,Видин,ул. Митрополит Кирил №1
2026-08-28T15:00:00+00:00,Бутан,Petrol,Бензин A95,1.59,,вход от Враца
2026-08-28T15:00:00+00:00,Бутан,Petrol,Дизел,1.84,,вход от Враца
2026-08-28T15:00:00+00:00,Гложене,Petrol,Бензин A95,1.59,Ловеч,кв. 83 (изход Оряхово)
2026-08-28T15:00:00+00:00,Гложене,Petrol,Дизел,1.84,Ловеч,кв. 83 (изход Оряхово)
2026-08-28T15:00:00+00:00,Борован,Petrol,Бензин A95,1.59,Враца,изход за Оряхово
2026-08-28T15:00:00+00:00,Борован,Petrol,Дизел,1.84,Враца,изход за Оряхово
2026-08-28T15:00:00+00:00,Борован,Petrol,Пропан Бутан,0.65,Враца,изход за Оряхово
2026-08-28T15:00:00+00:00,Борован,Petrol,Дизел премиум,1.99,Враца,изход за Оряхово
2026-08-28T15:00:00+00:00,Кнежа,Petrol,Бензин A95,1.59,Плевен,ул. Д. Бутански
2026-08-28T15:00:00+00:00,Кнежа,Petrol,Дизел,1.84,Плевен,ул. Д. Бутански
2026-08-28T15:00:00+00:00,Кнежа,Petrol,Пропан Бутан,0.65,Плевен,ул. Д. Бутански
2026-08-28T15:00:00+00:00,Кнежа,Petrol,Дизел премиум,1.99,Плевен,ул. Д. Бутански
2026-08-28T15:00:00+00:00,Роман,Petrol,Бензин A95,1.59,Враца,изход за Златна Панега
2026-08-28T15:00:00+00:00,Роман,Petrol,Дизел,1.84,Враца,изход за Златна Панега
2026-08-28T15:00:00+00:00,Нови Пазар,Petrol,Бензин A95,1.59,,на гл. път Варна-София
2026-08-28T15:00:00+00:00,Нови Пазар,Petrol,Дизел,1.84,,на гл. път Варна-София
2026-08-28T15:00:00+00:00,Нови Пазар,Petrol,Пропан Бутан,0.65,,на гл. път Варна-София
2026-08-28T15:00:00+00:00,Нови Пазар,Petrol,Дизел премиум,1.99,,на гл. път Варна-София
2026-08-28T15:00:00+00:00,Хитрино,Petrol,Бензин A95,1.59,Шумен,Гара Хитрино
2026-08-28T15:00:00+00:00,Хитрино,Petrol,Дизел,1.85,Шумен,Гара Хитрино
2026-08-28T15:00:00+00:00,Враца,Petrol,Бензин A95,1.59,Враца,ул. Илинден
2026-08-28T15:00:00+00:00,Враца,Petrol,Дизел,1.84,Враца,ул. Илинден
2026-08-28T15:00:00+00:00,Враца,Petrol,Пропан Бутан,0.65,Враца,ул. Илинден
2026-08-28T15:00:00+00:00,Враца,Petrol,Дизел премиум,1.99,Враца,ул. Илинден
2026-08-28T15:00:00+00:00,Велики Преслав,Petrol,Бензин A95,1.59,Шумен,ул. Борис Спиров №47
2026-08-28T15:00:00+00:00,Велики Преслав,Petrol,Дизел,1.84,Шумен,ул. Борис Спиров №47
2026-08-28T15:00:00+00:00,Велики Преслав,Petrol,Пропан Бутан,0.64,Шумен,ул. Борис Спиров №47
2026-08-28T15:00:00+00:00,Велики Преслав,Petrol,Дизел премиум,1.99,Шумен,ул. Борис Спиров №47
2026-08-28T15:00:00+00:00,Нови Пазар,Petrol,Бензин A95,1.59,,изход Силистра
2026-08-28T15:00:00+00:00,Нови Пазар,Petrol,Дизел,1.84,,изход Силистра
2026-08-28T15:00:00+00:00,Нови Пазар,Petrol,Дизел премиум,1.99,,изход Силистра
2026-08-28T15:00:00+00:00,Шумен,Petrol,Бензин A95,1.58,Шумен,ул. Индустриална №9
2026-08-28T15:00:00+00:00,Шумен,Petrol,Дизел,1.84,Шумен,ул. Индустриална №9
2026-08-28T15:00:00+00:00,Шумен,Petrol,Пропан Бутан,0.64,Шумен,ул. Индустриална №9
2026-08-28T15:00:00+00:00,Шумен,Petrol,Дизел премиум,1.99,Шумен,ул. Индустриална №9
2026-08-28T15:00:00+00:00,Кула,Petrol,Бензин A95,1.59,Видин,вход от Видин
2026-08-28T15:00:00+00:00,Кула,Petrol,Дизел,1.84,Видин,вход от Видин
2026-08-28T15:00:00+00:00,Кула,Petrol,Пропан Бутан,0.65,Видин,вход от Видин
2026-08-28T15:00:00+00:00,Плевен,Petrol,Бензин A95,1.52,Плевен,м. Кайлъка
2026-08-28T15:00:00+00:00,Плевен,Petrol,Дизел,1.77,Плевен,м. Кайлъка
2026-08-28T15:00:00+00:00,Лом,Petrol,Бензин A95,1.59,Монтана,вход от Видин
2026-08-28T15:00:00+00:00,Лом,Petrol,Дизел,1.84,Монтана,вход от Видин
2026-08-28T15:00:00+00:00,Лом,Petrol,Пропан Бутан,0.65,Монтана,вход от Видин
2026-08-28T15:00:00+00:00,Гаврил Геново,Petrol,Бензин A95,1.59,,Белоградчишко шосе
2026-08-28T15:00:00+00:00,Гаврил Геново,Petrol,Дизел,1.84,,Белоградчишко шосе
2026-08-28T15:00:00+00:00,Вълчедръм,Petrol,Бензин A95,1.59,Монтана,ул. Георги Кирков (изход за Лом)
2026-08-28T15:00:00+00:00,Вълчедръм,Petrol,Дизел,1.84,Монтана,ул. Георги Кирков (изход за Лом)
2026-08-28T15:00:00+00:00,Видин,Petrol,Бензин A95,1.59,Видин,ж.к. Заводско селище
2026-08-28T15:00:00+00:00,Видин,Petrol,Дизел,1.84,Видин,ж.к. Заводско селище
2026-08-28T15:00:00+00:00,Видин,Petrol,Пропан Бутан,0.64,Видин,ж.к. Заводско селище
2026-08-28T15:00:00+00:00,Видин,Petrol,Дизел премиум,1.99,Видин,ж.к. Заводско селище
2026-08-28T15:00:00+00:00,Вършец,Petrol,Бензин A95,1.59,Монтана,Вход от Враца
2026-08-28T15:00:00+00:00,Вършец,Petrol,Дизел,1.84,Монтана,Вход от Враца
2026-08-28T15:00:00+00:00,Вършец,Petrol,Пропан Бутан,0.65,Монтана,Вход от Враца
2026-08-28T15:00:00+00:00,Видин,Petrol,Бензин A95,1.63,Видин,ТЕЦ южна промишлена зона
2026-08-28T15:00:00+00:00,Видин,Petrol,Дизел,1.88,Видин,ТЕЦ южна промишлена зона
2026-08-28T15:00:00+00:00,Монтана,Petrol,Бензин A95,1.58,Монтана,ул. Веренишка
2026-08-28T15:00:00+00:00,Монтана,Petrol,Дизел,1.84,Монтана,ул. Веренишка
2026-08-28T15:00:00+00:00,Монтана,Petrol,Пропан Бутан,0.65,Монтана,ул. Веренишка
2026-08-28T15:00:00+00:00,Монтана,Petrol,Дизел премиум,1.99,Монтана,ул. Веренишка
2026-08-28T15:00:00+00:00,Белоградчик,Petrol,Бензин A95,1.59,Видин,вход от Видин
2026-08-28T15:00:00+00:00,Белоградчик,Petrol,Дизел,1.84,Видин,вход от Видин
2026-08-28T15:00:00+00:00,Белоградчик,Petrol,Пропан Бутан,0.65,Видин,вход от Видин
2026-08-28T15:00:00+00:00,Белоградчик,Petrol,Дизел премиум,1.99,Видин,вход от Видин
2026-08-28T15:00:00+00:00,Брегово,Petrol,Бензин A95,1.59,Видин,ул. Г. Димитров №54
2026-08-28T15:00:00+00:00,Брегово,Petrol,Дизел,1.84,Видин,ул. Г. Димитров №54
2026-08-28T15:00:00+00:00,Брегово,Petrol,Пропан Бутан,0.66,Видин,ул. Г. Димитров №54
2026-08-28T15:00:00+00:00,Ружинци,Petrol,Бензин A95,1.59,Видин,на гл. път Е79
2026-08-28T15:00:00+00:00,Ружинци,Petrol,Дизел,1.84,Видин,на гл. път Е79
2026-08-28T15:00:00+00:00,Бургас,Petrol,Бензин A95,1.59,Бургас,кв. Славейков
2026-08-28T15:00:00+00:00,Бургас,Petrol,Дизел,1.84,Бургас,кв. Славейков
2026-08-28T15:00:00+00:00,Бургас,Petrol,Пропан Бутан,0.65,Бургас,кв. Славейков
2026-08-28T15:00:00+00:00,Бургас,Petrol,Дизел премиум,1.99,Бургас,кв. Славейков
2026-08-28T15:00:00+00:00,Кресна,Petrol,Бензин A95,1.63,Благоевград,път Е79 изход Кула
2026-08-28T15:00:00+00:00,Кресна,Petrol,Дизел,1.88,Благоевград,път Е79 изход Кула
2026-08-28T15:00:00+00:00,Кресна,Petrol,Пропан Бутан,0.66,Благоевград,път Е79 изход Кула
2026-08-28T15:00:00+00:00,Кресна,Petrol,Бензин A100,1.83,Благоевград,път Е79 изход Кула
2026-08-28T15:00:00+00:00,Кресна,Petrol,Дизел премиум,2.03,Благоевград,път Е79 изход Кула
2026-08-28T15:00:00+00:00,Кочериново,Petrol,Бензин A95,1.58,Кюстендил,на гл. път Е79
2026-08-28T15:00:00+00:00,Кочериново,Petrol,Дизел,1.83,Кюстендил,на гл. път Е79
2026-08-28T15:00:00+00:00,Кочериново,Petrol,Пропан Бутан,0.64,Кюстендил,на гл. път Е79
2026-08-28T15:00:00+00:00,Кочериново,Petrol,Дизел премиум,1.99,Кюстендил,на гл. път Е79
2026-08-28T15:00:00+00:00,Бобов дол,Petrol,Бензин A95,1.59,Кюстендил,изход Дупница
2026-08-28T15:00:00+00:00,Бобов дол,Petrol,Дизел,1.84,Кюстендил,изход Дупница
2026-08-28T15:00:00+00:00,Бобов дол,Petrol,Пропан Бутан,0.65,Кюстендил,изход Дупница
2026-08-28T15:00:00+00:00,Бобов дол,Petrol,Дизел премиум,1.84,Кюстендил,изход Дупница
2026-08-28T15:00:00+00:00,Варна,Petrol,Бензин A95,1.58,Варна,кв. Бриз
2026-08-28T15:00:00+00:00,Варна,Petrol,Дизел,1.83,Варна,кв. Бриз
2026-08-28T15:00:00+00:00,Варна,Petrol,Пропан Бутан,0.65,Варна,кв. Бриз
2026-08-28T15:00:00+00:00,Варна,Petrol,Метан,1.39,Варна,кв. Бриз
2026-08-28T15:00:00+00:00,Варна,Petrol,Дизел премиум,1.99,Варна,кв. Бриз
2026-08-28T15:00:00+00:00,Симитли,Petrol,Бензин A95,1.59,Благоевград,ул. Г. Димитров №1 (изход Благоевград)
2026-08-28T15:00:00+00:00,Симитли,Petrol,Дизел,1.84,Благоевград,ул. Г. Димитров №1 (изход Благоевград)
2026-08-28T15:00:00+00:00,Симитли,Petrol,Пропан Бутан,0.65,Благоевград,ул. Г. Димитров №1 (изход Благоевград)
2026-08-28T15:00:00+00:00,Симитли,Petrol,Дизел премиум,1.99,Благоевград,ул. Г. Димитров №1 (изход Благоевград)
2026-08-28T15:00:00+00:00,Благоевград,Petrol,Бензин A95,1.58,Благоевград,бул. Св. Димитър Солунски (изхода за София)
2026-08-28T15:00:00+00:00,Благоевград,Petrol,Дизел,1.84,Благоевград,бул. Св. Димитър Солунски (изхода за София)
2026-08-28T15:00:00+00:00,Благоевград,Petrol,Пропан Бутан,0.65,Благоевград,бул. Св. Димитър Солунски (изхода за София)
2026-08-28T15:00:00+00:00,Благоевград,Petrol,Бензин A100,1.79,Благоевград,бул. Св. Димитър Солунски (изхода за София)
2026-08-28T15:00:00+00:00,Благоевград,Petrol,Дизел премиум,1.99,Благоевград,бул. Св. Димитър Солунски (изхода за София)
2026-08-28T15:00:00+00:00,АМ Струма,Petrol,Бензин A95,1.63,,ГКПП Кулата
2026-08-28T15:00:00+00:00,АМ Струма,Petrol,Дизел,1.88,,ГКПП Кулата
2026-08-28T15:00:00+00:00,АМ Струма,Petrol,Пропан Бутан,0.66,,ГКПП Кулата
2026-08-28T15:00:00+00:00,АМ Струма,Petrol,Бензин A100,1.83,,ГКПП Кулата
2026-08-28T15:00:00+00:00,АМ Струма,Petrol,Дизел премиум,2.03,,ГКПП Кулата
2026-08-28T15:00:00+00:00,Гоце Делчев,Petrol,Бензин A95,1.59,Благоевград,ул. Дунав (до плажа)
2026-08-28T15:00:00+00:00,Гоце Делчев,Petrol,Дизел,1.84,Благоевград,ул. Дунав (до плажа)
2026-08-28T15:00:00+00:00,Гоце Делчев,Petrol,Пропан Бутан,0.65,Благоевград,ул. Дунав (до плажа)
2026-08-28T15:00:00+00:00,Гоце Делчев,Petrol,Бензин A100,1.79,Благоевград,ул. Дунав (до плажа)
2026-08-28T15:00:00+00:00,Гоце Делчев,Petrol,Дизел премиум,1.99,Благоевград,ул. Дунав (до плажа)
2026-08-28T15:00:00+00:00,Банско,Petrol,Бензин A95,1.59,Благоевград,вход Благоевград
2026-08-28T15:00:00+00:00,Банско,Petrol,Дизел,1.84,Благоевград,вход Благоевград
2026-08-28T15:00:00+00:00,Банско,Petrol,Дизел премиум,1.99,Благоевград,вход Благоевград
2026-08-28T15:00:00+00:00,Кюстендил,Petrol,Бензин A95,1.59,Кюстендил,бул. Софийско шосе (изход София)
2026-08-28T15:00:00+00:00,Кюстендил,Petrol,Дизел,1.84,Кюстендил,бул. Софийско шосе (изход София)
2026-08-28T15:00:00+00:00,Кюстендил,Petrol,Пропан Бутан,0.65,Кюстендил,бул. Софийско шосе (изход София)
2026-08-28T15:00:00+00:00,Кюстендил,Petrol,Дизел премиум,1.99,Кюстендил,бул. Софийско шосе (изход София)
2026-08-28T15:00:00+00:00,Кюстендил,Petrol,Бензин A95,1.59,Кюстендил,ул. Гюешевско шосе (изход Гюешево)
2026-08-28T15:00:00+00:00,Кюстендил,Petrol,Дизел,1.84,Кюстендил,ул. Гюешевско шосе (изход Гюешево)
2026-08-28T15:00:00+00:00,Кюстендил,Petrol,Пропан Бутан,0.65,Кюстендил,ул. Гюешевско шосе (изход Гюешево)
2026-08-28T15:00:00+00:00,Кюстендил,Petrol,Дизел премиум,1.99,Кюстендил,ул. Гюешевско шосе (изход Гюешево)
2026-08-28T15:00:00+00:00,Дупница,Petrol,Бензин A95,1.59,Кюстендил,ул. Св. Иван Рилски №317 (изход за Благоевград)
2026-08-28T15:00:00+00:00,Дупница,Petrol,Дизел,1.84,Кюстендил,ул. Св. Иван Рилски №317 (изход за Благоевград)
2026-08-28T15:00:00+00:00,Дупница,Petrol,Пропан Бутан,0.65,Кюстендил,ул. Св. Иван Рилски №317 (изход за Благоевград)
2026-08-28T15:00:00+00:00,Дупница,Petrol,Дизел премиум,1.99,Кюстендил,ул. Св. Иван Рилски №317 (изход за Благоевград)
2026-08-28T15:00:00+00:00,Бургас,Petrol,Бензин A95,1.59,Бургас,"кв. Славейков, бул. Стефан Стамболов"
2026-08-28T15:00:00+00:00,Бургас,Petrol,Дизел,1.84,Бургас,"кв. Славейков, бул. Стефан Стамболов"
2026-08-28T15:00:00+00:00,Бургас,Petrol,Пропан Бутан,0.65,Бургас,"кв. Славейков, бул. Стефан Стамболов"
2026-08-28T15:00:00+00:00,Бургас,Petrol,Бензин A100,1.79,Бургас,"кв. Славейков, бул. Стефан Стамболов"
2026-08-28T15:00:00+00:00,Бургас,Petrol,Дизел премиум,1.99,Бургас,"кв. Славейков, бул. Стефан Стамболов"
2026-08-28T15:00:00+00:00,Котел,Petrol,Бензин A95,1.59,Сливен,на пътя Ямбол - Шумен
2026-08-28T15:00:00+00:00,Котел,Petrol,Дизел,1.85,Сливен,на пътя Ямбол - Шумен
2026-08-28T15:00:00+00:00,Котел,Petrol,Дизел премиум,1.99,Сливен,на пътя Ямбол - Шумен
2026-08-28T15:00:00+00:00,Приморско,Petrol,Бензин A95,1.61,Бургас,на входа на града
2026-08-28T15:00:00+00:00,Приморско,Petrol,Дизел,1.86,Бургас,на входа на града
2026-08-28T15:00:00+00:00,Созопол,Petrol,Бензин A95,1.61,Бургас,на гл. път Бургас-Созопол
2026-08-28T15:00:00+00:00,Созопол,Petrol,Дизел,1.86,Бургас,на гл. път Бургас-Созопол
2026-08-28T15:00:00+00:00,Созопол,Petrol,Пропан Бутан,0.66,Бургас,на гл. път Бургас-Созопол
2026-08-28T15:00:00+00:00,Созопол,Petrol,Бензин A100,1.79,Бургас,на гл. път Бургас-Созопол
2026-08-28T15:00:00+00:00,Созопол,Petrol,Дизел премиум,1.99,Бургас,на гл. път Бургас-Созопол
2026-08-28T15:00:00+00:00,Синдел,Petrol,Бензин A95,1.61,,до с. Синдел
2026-08-28T15:00:00+00:00,Синдел,Petrol,Дизел,1.86,,до с. Синдел
2026-08-28T15:00:00+00:00,Ямбол,Petrol,Бензин A95,1.57,Ямбол,ул. Преслав (изход към Петолъчката)
2026-08-28T15:00:00+00:00,Ямбол,Petrol,Дизел,1.83,Ямбол,ул. Преслав (изход към Петолъчката)
2026-08-28T15:00:00+00:00,Ямбол,Petrol,Пропан Бутан,0.64,Ямбол,ул. Преслав (изход към Петолъчката)
2026-08-28T15:00:00+00:00,Ямбол,Petrol,Дизел премиум,1.99,Ямбол,ул. Преслав (изход към Петолъчката)
2026-08-28T15:00:00+00:00,Елхово,Petrol,Бензин A95,1.58,Ямбол,ул. Ал. Стамболийски (изход към Ямбол)
2026-08-28T15:00:00+00:00,Елхово,Petrol,Дизел,1.84,Ямбол,ул. Ал. Стамболийски (изход към Ямбол)
2026-08-28T15:00:00+00:00,Варна,Petrol,Бензин A95,1.63,Варна,к-с Златни Пясъци
2026-08-28T15:00:00+00:00,Варна,Petrol,Дизел,1.86,Варна,к-с Златни Пясъци
2026-08-28T15:00:00+00:00,Варна,Petrol,Пропан Бутан,0.66,Варна,к-с Златни Пясъци
2026-08-28T15:00:00+00:00,Варна,Petrol,Бензин A100,1.83,Варна,к-с Златни Пясъци
2026-08-28T15:00:00+00:00,Варна,Petrol,Дизел премиум,1.99,Варна,к-с Златни Пясъци
2026-08-28T15:00:00+00:00,Провадия,Petrol,Бензин A95,1.58,Варна,индустриална зона юг
2026-08-28T15:00:00+00:00,Провадия,Petrol,Дизел,1.83,Варна,индустриална зона юг
2026-08-28T15:00:00+00:00,Провадия,Petrol,Пропан Бутан,0.65,Варна,индустриална зона юг
2026-08-28T15:00:00+00:00,Провадия,Petrol,Бензин A100,1.79,Варна,индустриална зона юг
2026-08-28T15:00:00+00:00,Провадия,Petrol,Дизел премиум,1.99,Варна,индустриална зона юг
2026-08-28T15:00:00+00:00,Бяла,Petrol,Бензин A95,1.59,Русе,на гл. път Бургас-Варна
2026-08-28T15:00:00+00:00,Бяла,Petrol,Дизел,1.84,Русе,на гл. път Бургас-Варна
2026-08-28T15:00:00+00:00,Бяла,Petrol,Пропан Бутан,0.65,Русе,на гл. път Бургас-Варна
2026-08-28T15:00:00+00:00,Бяла,Petrol,Дизел премиум,1.99,Русе,на гл. път Бургас-Варна
2026-08-28T15:00:00+00:00,Петрич,Petrol,Бензин A95,1.58,Благоевград,изход София (до гарата)
2026-08-28T15:00:00+00:00,Петрич,Petrol,Дизел,1.84,Благоевград,изход София (до гарата)
2026-08-28T15:00:00+00:00,Петрич,Petrol,Пропан Бутан,0.65,Благоевград,изход София (до гарата)
2026-08-28T15:00:00+00:00,Петрич,Petrol,Дизел премиум,1.99,Благоевград,изход София (до гарата)
2026-08-28T15:00:00+00:00,Царево,Petrol,Бензин A95,1.61,Бургас,ул. Преображенска №38
2026-08-28T15:00:00+00:00,Царево,Petrol,Дизел,1.86,Бургас,ул. Преображенска №38
2026-08-28T15:00:00+00:00,Малко Търново,Petrol,Бензин A95,1.59,Бургас,ул. България №50
2026-08-28T15:00:00+00:00,Малко Търново,Petrol,Дизел,1.84,Бургас,ул. България №50
2026-08-28T15:00:00+00:00,Малко Търново,Petrol,Пропан Бутан,0.66,Бургас,ул. България №50
2026-08-28T15:00:00+00:00,Малко Търново,Petrol,Дизел премиум,2.02,Бургас,ул. България №50
2026-08-28T15:00:00+00:00,Поморие,Petrol,Бензин A95,1.63,Бургас,гл. път Варна-Бургас
2026-08-28T15:00:00+00:00,Поморие,Petrol,Дизел,1.86,Бургас,гл. път Варна-Бургас
2026-08-28T15:00:00+00:00,Поморие,Petrol,Пропан Бутан,0.66,Бургас,гл. път Варна-Бургас
2026-08-28T15:00:00+00:00,Поморие,Petrol,Дизел премиум,1.99,Бургас,гл. път Варна-Бургас
2026-08-28T15:00:00+00:00,Слънчев бряг,Petrol,Бензин A95,1.63,,в комплекса
2026-08-28T15:00:00+00:00,Слънчев бряг,Petrol,Дизел,1.86,,в комплекса
2026-08-28T15:00:00+00:00,Слънчев бряг,Petrol,Пропан Бутан,0.66,,в комплекса
2026-08-28T15:00:00+00:00,Слънчев бряг,Petrol,Бензин A100,1.83,,в комплекса
2026-08-28T15:00:00+00:00,Слънчев бряг,Petrol,Дизел премиум,1.99,,в комплекса
2026-08-28T15:00:00+00:00,Несебър,Petrol,Бензин A95,1.63,Бургас,пътя Несебър - Равда (франчайз)
2026-08-28T15:00:00+00:00,Несебър,Petrol,Дизел,1.86,Бургас,пътя Несебър - Равда (франчайз)
2026-08-28T15:00:00+00:00,Несебър,Petrol,Пропан Бутан,0.66,Бургас,пътя Несебър - Равда (франчайз)
2026-08-28T15:00:00+00:00,Несебър,Petrol,Бензин A100,1.83,Бургас,пътя Несебър - Равда (франчайз)
2026-08-28T15:00:00+00:00,Несебър,Petrol,Дизел премиум,1.99,Бургас,пътя Несебър - Равда (франчайз)
2026-08-28T15:00:00+00:00,Ахтопол,Petrol,Бензин A95,1.63,,ул. Патриарх Евтимий
2026-08-28T15:00:00+00:00,Ахтопол,Petrol,Дизел,1.86,,ул. Патриарх Евтимий
2026-08-28T15:00:00+00:00,Ахтопол,Petrol,Дизел премиум,1.99,,ул. Патриарх Евтимий
2026-08-28T15:00:00+00:00,Сливен,Petrol,Бензин A95,1.59,Сливен,ул. Димитър Пехливанов-Добрович
2026-08-28T15:00:00+00:00,Сливен,Petrol,Дизел,1.84,Сливен,ул. Димитър Пехливанов-Добрович
2026-08-28T15:00:00+00:00,Сливен,Petrol,Пропан Бутан,0.65,Сливен,ул. Димитър Пехливанов-Добрович
2026-08-28T15:00:00+00:00,Сливен,Petrol,Бензин A100,1.79,Сливен,ул. Димитър Пехливанов-Добрович
2026-08-28T15:00:00+00:00,Сливен,Petrol,Дизел премиум,1.99,Сливен,ул. Димитър Пехливанов-Добрович
2026-08-28T15:00:00+00:00,Твърдица,Petrol,Бензин A95,1.59,Сливен,път 662
2026-08-28T15:00:00+00:00,Твърдица,Petrol,Дизел,1.84,Сливен,път 662
2026-08-28T15:00:00+00:00,Нова Загора,Petrol,Бензин A95,1.59,Сливен,изход Раднево
2026-08-28T15:00:00+00:00,Нова Загора,Petrol,Дизел,1.84,Сливен,изход Раднево
2026-08-28T15:00:00+00:00,Нова Загора,Petrol,Пропан Бутан,0.65,Сливен,изход Раднево
2026-08-28T15:00:00+00:00,Нова Загора,Petrol,Дизел премиум,1.99,Сливен,изход Раднево
2026-08-28T15:00:00+00:00,Ямбол,Petrol,Бензин A95,1.58,Ямбол,бул. Димитър Благоев
2026-08-28T15:00:00+00:00,Ямбол,Petrol,Дизел,1.84,Ямбол,бул. Димитър Благоев
2026-08-28T15:00:00+00:00,Ямбол,Petrol,Пропан Бутан,0.65,Ямбол,бул. Димитър Благоев
2026-08-28T15:00:00+00:00,Ямбол,Petrol,Дизел премиум,1.99,Ямбол,бул. Димитър Благоев
2026-08-28T15:00:00+00:00,Вълчи дол,Petrol,Бензин A95,1.61,Варна,с. Вълчи дол
2026-08-28T15:00:00+00:00,Вълчи дол,Petrol,Дизел,1.86,Варна,с. Вълчи дол
2026-08-28T15:00:00+00:00,Бургас,Petrol,Бензин A95,1.52,Бургас,ул. Иван Богоров
2026-08-28T15:00:00+00:00,Бургас,Petrol,Дизел,1.77,Бургас,ул. Иван Богоров
2026-08-28T15:00:00+00:00,Бургас,Petrol,Дизел премиум,1.89,Бургас,ул. Иван Богоров
2026-08-28T12:13:00+00:00,Варна,Insa Oil,Бензин A95,1.51,Варна,бул. Цар Освободител №195
2026-08-28T12:13:00+00:00,Варна,Insa Oil,Дизел премиум,1.75,Варна,бул. Цар Освободител №195
2026-08-28T12:13:00+00:00,Варна,Insa Oil,Пропан Бутан,0.66,Варна,бул. Цар Освободител №195
2026-08-28T12:13:00+00:00,Варна,Insa Oil,Бензин A100,1.75,Варна,бул. Цар Освободител №195
2026-08-28T12:13:00+00:00,Варна,Insa Oil,Дизел,1.92,Варна,бул. Цар Освободител №195
2026-08-28T11:49:00+00:00,Бургас,К2,Бензин A95,1.54,Бургас,ул. Одрин №82
2026-08-28T11:49:00+00:00,Бургас,К2,Дизел,1.77,Бургас,ул. Одрин №82
2026-08-28T11:49:00+00:00,Бургас,К2,Пропан Бутан,0.64,Бургас,ул. Одрин №82
2026-08-28T11:49:00+00:00,Бургас,К2,Бензин A100,1.77,Бургас,ул. Одрин №82
2026-08-28T11:48:00+00:00,Пловдив,Insa Oil,Бензин A95,1.51,Пловдив,Пазарджишко шосе (кръгово с Околовръстно шосе)
2026-08-28T11:48:00+00:00,Пловдив,Insa Oil,Дизел премиум,1.75,Пловдив,Пазарджишко шосе (кръгово с Околовръстно шосе)
2026-08-28T11:48:00+00:00,Пловдив,Insa Oil,Пропан Бутан,0.66,Пловдив,Пазарджишко шосе (кръгово с Околовръстно шосе)
2026-08-28T11:48:00+00:00,Пловдив,Insa Oil,Бензин A100,1.75,Пловдив,Пазарджишко шосе (кръгово с Околовръстно шосе)
2026-08-28T11:48:00+00:00,Пловдив,Insa Oil,Дизел,1.92,Пловдив,Пазарджишко шосе (кръгово с Околовръстно шосе)
2026-08-28T11:24:00+00:00,Пловдив,Insa Oil,Бензин A95,1.51,Пловдив,бул. Пещерско шосе №70
2026-08-28T11:24:00+00:00,Пловдив,Insa Oil,Дизел премиум,1.75,Пловдив,бул. Пещерско шосе №70
2026-08-28T11:24:00+00:00,Пловдив,Insa Oil,Пропан Бутан,0.66,Пловдив,бул. Пещерско шосе №70
2026-08-28T10:36:00+00:00,Велико Търново,Lukoil,Бензин A95,1.54,Велико Търново,бул. Никола Габровски №74 (до ДАП)
2026-08-28T10:36:00+00:00,Велико Търново,Lukoil,Дизел,1.79,Велико Търново,бул. Никола Габровски №74 (до ДАП)
2026-08-28T10:36:00+00:00,Велико Търново,Lukoil,Пропан Бутан,0.65,Велико Търново,бул. Никола Габровски №74 (до ДАП)
2026-08-28T10:36:00+00:00,Велико Търново,Lukoil,Бензин A95,1.67,Велико Търново,бул. Никола Габровски №74 (до ДАП)
2026-08-28T10:36:00+00:00,Велико Търново,Lukoil,Бензин A100,1.72,Велико Търново,бул. Никола Габровски №74 (до ДАП)
2026-08-28T10:22:00+00:00,Попово,КЕЯ,Бензин A95,1.56,Търговище,бул. България №210
2026-08-28T10:22:00+00:00,Попово,КЕЯ,Дизел,1.74,Търговище,бул. България №210
2026-08-28T10:19:00+00:00,Омуртаг,Гив Газ,Бензин A95,1.52,Търговище,ул. Цар Освободител №27
2026-08-28T10:19:00+00:00,Омуртаг,Гив Газ,Дизел,1.78,Търговище,ул. Цар Освободител №27
2026-08-28T10:19:00+00:00,Омуртаг,Гив Газ,Пропан Бутан,0.63,Търговище,ул. Цар Освободител №27
2026-08-28T10:05:00+00:00,Русе,Insa Oil,Бензин A95,1.51,Русе,бул. Липник №73А
2026-08-28T10:05:00+00:00,Русе,Insa Oil,Дизел премиум,1.75,Русе,бул. Липник №73А
2026-08-28T10:05:00+00:00,Русе,Insa Oil,Пропан Бутан,0.66,Русе,бул. Липник №73А
2026-08-28T10:05:00+00:00,Русе,Insa Oil,Метан,1.33,Русе,бул. Липник №73А
2026-08-28T10:05:00+00:00,Русе,Insa Oil,Бензин A100,1.75,Русе,бул. Липник №73А
2026-08-28T10:05:00+00:00,Русе,Insa Oil,Дизел,1.91,Русе,бул. Липник №73А
2026-08-28T10:01:00+00:00,Севлиево,Insa Oil,Бензин A95,1.53,Габрово,ул. Марин Попов №79А
2026-08-28T10:01:00+00:00,Севлиево,Insa Oil,Дизел премиум,1.79,Габрово,ул. Марин Попов №79А
2026-08-28T10:01:00+00:00,Севлиево,Insa Oil,Пропан Бутан,0.64,Габрово,ул. Марин Попов №79А
2026-08-28T10:01:00+00:00,Севлиево,Insa Oil,Бензин A100,1.68,Габрово,ул. Марин Попов №79А
2026-08-28T10:01:00+00:00,Севлиево,Insa Oil,Дизел,1.9,Габрово,ул. Марин Попов №79А
2026-08-28T10:00:00+00:00,Габрово,Insa Oil,Бензин A95,1.53,Габрово,кв. Шенини (на входа на Габрово от гр. Севлиево)
2026-08-28T10:00:00+00:00,Габрово,Insa Oil,Дизел премиум,1.79,Габрово,кв. Шенини (на входа на Габрово от гр. Севлиево)
2026-08-28T10:00:00+00:00,Габрово,Insa Oil,Пропан Бутан,0.62,Габрово,кв. Шенини (на входа на Габрово от гр. Севлиево)
2026-08-28T10:00:00+00:00,Габрово,Insa Oil,Бензин A100,1.68,Габрово,кв. Шенини (на входа на Габрово от гр. Севлиево)
2026-08-28T10:00:00+00:00,Габрово,Insa Oil,Дизел,1.9,Габрово,кв. Шенини (на входа на Габрово от гр. Севлиево)
2026-08-28T09:58:00+00:00,София,SVoil,Бензин A95,1.52,София,ул. Река Велека №8
2026-08-28T09:58:00+00:00,София,SVoil,Дизел,1.78,София,ул. Река Велека №8
2026-08-28T09:17:00+00:00,Дуранкулак,Бенита 6,Бензин A95,1.6,,ул. 2-ра №25
2026-08-28T09:08:00+00:00,София,InterSpeed Костенски водопад,Бензин A95,1.55,София,ул. Костенски водопад №101
2026-08-28T09:08:00+00:00,София,InterSpeed Костенски водопад,Пропан Бутан,0.62,София,ул. Костенски водопад №101
2026-08-28T08:07:00+00:00,Пловдив,Insa Oil,Бензин A95,1.51,Пловдив,ул. Рогошко шосе №13А
2026-08-28T08:07:00+00:00,Пловдив,Insa Oil,Дизел премиум,1.75,Пловдив,ул. Рогошко шосе №13А
2026-08-28T08:07:00+00:00,Пловдив,Insa Oil,Пропан Бутан,0.66,Пловдив,ул. Рогошко шосе №13А
2026-08-28T08:07:00+00:00,Пловдив,Insa Oil,Дизел,1.91,Пловдив,ул. Рогошко шосе №13А
2026-08-28T07:48:00+00:00,Видин,Тип Видин 2,Дизел,1.76,Видин,"Северна промишлена зона (бившия товарен ДАП, до комплекс Дилижанса)"
2026-08-28T07:48:00+00:00,Видин,Тип Видин 1,Бензин A95,1.59,Видин,ул. Широка №100
2026-08-28T07:48:00+00:00,Видин,Тип Видин 1,Дизел,1.82,Видин,ул. Широка №100
2026-08-28T07:48:00+00:00,Видин,Тип Видин 1,Дизел премиум,1.85,Видин,ул. Широка №100
2026-08-28T07:48:00+00:00,Видин,Тип Видин 3,Бензин A95,1.59,Видин,бул. Панония №120
2026-08-28T07:48:00+00:00,Видин,Тип Видин 3,Дизел,1.82,Видин,бул. Панония №120
2026-08-28T07:48:00+00:00,Видин,Тип Видин 3,Дизел премиум,1.85,Видин,бул. Панония №120
2026-08-28T07:04:00+00:00,София,Pegas,Бензин A95,1.5,София,ул. Околовръстен път №107
2026-08-28T07:04:00+00:00,София,Pegas,Дизел,1.74,София,ул. Околовръстен път №107
2026-08-28T07:04:00+00:00,Скравена,Pegas,Бензин A95,1.5,,изход към Мездра
2026-08-28T07:04:00+00:00,Скравена,Pegas,Дизел,1.76,,изход към Мездра
2026-08-28T07:03:00+00:00,Велинград,Pegas,Бензин A95,1.5,Пазарджик,на разклона за Ракитово
2026-08-28T07:03:00+00:00,Велинград,Pegas,Дизел,1.78,Пазарджик,на разклона за Ракитово
2026-08-28T06:59:00+00:00,Пловдив,Insa Oil,Бензин A95,1.51,Пловдив,бул. Васил Априлов №152
2026-08-28T06:59:00+00:00,Пловдив,Insa Oil,Дизел премиум,1.75,Пловдив,бул. Васил Априлов №152
2026-08-28T06:59:00+00:00,Пловдив,Insa Oil,Пропан Бутан,0.66,Пловдив,бул. Васил Априлов №152
2026-08-28T06:59:00+00:00,Пловдив,Insa Oil,Бензин A100,1.75,Пловдив,бул. Васил Априлов №152
2026-08-28T06:59:00+00:00,Пловдив,Insa Oil,Дизел,1.91,Пловдив,бул. Васил Априлов №152
2026-08-28T06:36:00+00:00,Първомай,Insa Oil,Бензин A95,1.5,Пловдив,ул. Васил Левски №46
2026-08-28T06:36:00+00:00,Първомай,Insa Oil,Дизел премиум,1.75,Пловдив,ул. Васил Левски №46
2026-08-28T06:36:00+00:00,Първомай,Insa Oil,Пропан Бутан,0.66,Пловдив,ул. Васил Левски №46
2026-08-28T06:36:00+00:00,Първомай,Insa Oil,Бензин A100,1.74,Пловдив,ул. Васил Левски №46
2026-08-28T06:36:00+00:00,Първомай,Insa Oil,Дизел,1.88,Пловдив,ул. Васил Левски №46
2026-08-28T06:36:00+00:00,Първомай,Insa Oil,Бензин A95,1.5,Пловдив,ул. Княз Борис №51Г (кв. Дебър)
2026-08-28T06:36:00+00:00,Първомай,Insa Oil,Дизел премиум,1.75,Пловдив,ул. Княз Борис №51Г (кв. Дебър)
2026-08-28T06:36:00+00:00,Първомай,Insa Oil,Пропан Бутан,0.66,Пловдив,ул. Княз Борис №51Г (кв. Дебър)
2026-08-28T06:36:00+00:00,Първомай,Insa Oil,Бензин A100,1.74,Пловдив,ул. Княз Борис №51Г (кв. Дебър)
2026-08-28T06:36:00+00:00,Първомай,Insa Oil,Дизел,1.9,Пловдив,ул. Княз Борис №51Г (кв. Дебър)
2026-08-28T06:30:00+00:00,Варна,Кастел Ойл 4,Бензин A95,1.51,Варна,ул. Тролейна №5
2026-08-28T06:30:00+00:00,Варна,Кастел Ойл 4,Дизел,1.77,Варна,ул. Тролейна №5
2026-08-28T06:14:00+00:00,Гелеменово,Insa Oil,Бензин A95,1.51,,местност Под селото
2026-08-28T06:14:00+00:00,Гелеменово,Insa Oil,Дизел премиум,1.77,,местност Под селото
2026-08-28T06:14:00+00:00,Гелеменово,Insa Oil,Пропан Бутан,0.65,,местност Под селото
2026-08-28T06:14:00+00:00,Гелеменово,Insa Oil,Метан,1.38,,местност Под селото
2026-08-28T06:14:00+00:00,Гелеменово,Insa Oil,Бензин A100,1.67,,местност Под селото
2026-08-28T05:58:00+00:00,Добрич,CHIMOIL Добрич 2,Бензин A95,1.53,Добрич,Околовръстен път №29 (кв. Балик)
2026-08-28T05:58:00+00:00,Добрич,CHIMOIL Добрич 2,Дизел,1.83,Добрич,Околовръстен път №29 (кв. Балик)
2026-08-28T05:58:00+00:00,Добрич,CHIMOIL Добрич 2,Пропан Бутан,0.65,Добрич,Околовръстен път №29 (кв. Балик)
2026-08-28T05:58:00+00:00,Добрич,CHIMOIL Добрич 2,Метан,1.25,Добрич,Околовръстен път №29 (кв. Балик)
2026-08-28T05:54:00+00:00,Павликени,CHIMOIL,Бензин A95,1.51,Велико Търново,ул. Бачо Киро №62
2026-08-28T05:54:00+00:00,Павликени,CHIMOIL,Дизел,1.79,Велико Търново,ул. Бачо Киро №62
2026-08-28T05:54:00+00:00,Павликени,CHIMOIL,Пропан Бутан,0.65,Велико Търново,ул. Бачо Киро №62
2026-08-28T05:54:00+00:00,Павликени,CHIMOIL,Бензин A100,1.72,Велико Търново,ул. Бачо Киро №62
2026-08-28T05:52:00+00:00,Ловеч,CHIMOIL,Бензин A95,1.51,Ловеч,Северна индустриална зона №8А (път Плевен - Троян)
2026-08-28T05:52:00+00:00,Ловеч,CHIMOIL,Дизел,1.82,Ловеч,Северна индустриална зона №8А (път Плевен - Троян)
2026-08-28T05:52:00+00:00,Ловеч,CHIMOIL,Пропан Бутан,0.64,Ловеч,Северна индустриална зона №8А (път Плевен - Троян)
2026-08-28T05:52:00+00:00,Ловеч,CHIMOIL,Бензин A100,1.72,Ловеч,Северна индустриална зона №8А (път Плевен - Троян)
2026-08-28T05:50:00+00:00,Крепост,Insa Oil,Бензин A95,1.53,,местност ДК
2026-08-28T05:50:00+00:00,Крепост,Insa Oil,Дизел премиум,1.75,,местност ДК
2026-08-28T05:50:00+00:00,Крепост,Insa Oil,Пропан Бутан,0.66,,местност ДК
2026-08-28T05:50:00+00:00,Крепост,Insa Oil,Бензин A100,1.75,,местност ДК
2026-08-28T05:50:00+00:00,Крепост,Insa Oil,Дизел,1.91,,местност ДК
2026-08-28T05:44:00+00:00,София,Insa Oil,Бензин A95,1.49,София,бул. Сливница №171 (ж.к. Люлин)
2026-08-28T05:44:00+00:00,София,Insa Oil,Дизел премиум,1.75,София,бул. Сливница №171 (ж.к. Люлин)
2026-08-28T05:44:00+00:00,София,Insa Oil,Пропан Бутан,0.66,София,бул. Сливница №171 (ж.к. Люлин)
2026-08-28T05:44:00+00:00,София,Insa Oil,Метан,1.33,София,бул. Сливница №171 (ж.к. Люлин)
2026-08-28T05:44:00+00:00,София,Insa Oil,Дизел,1.91,София,бул. Сливница №171 (ж.к. Люлин)
2026-08-28T05:39:00+00:00,Пловдив,Insa Oil,Бензин A95,1.51,Пловдив,ул. Васил Левски №170
2026-08-28T05:39:00+00:00,Пловдив,Insa Oil,Дизел премиум,1.75,Пловдив,ул. Васил Левски №170
2026-08-28T05:39:00+00:00,Пловдив,Insa Oil,Пропан Бутан,0.66,Пловдив,ул. Васил Левски №170
2026-08-28T05:39:00+00:00,Пловдив,Insa Oil,Метан,1.22,Пловдив,ул. Васил Левски №170
2026-08-28T05:39:00+00:00,Пловдив,Insa Oil,Бензин A100,1.75,Пловдив,ул. Васил Левски №170
2026-08-28T05:39:00+00:00,Пловдив,Insa Oil,Дизел,1.92,Пловдив,ул. Васил Левски №170
2026-08-28T05:32:00+00:00,АМ Тракия,Insa Oil,Бензин A95,1.53,,"посока София-Бургас, km 89+400"
2026-08-28T05:32:00+00:00,АМ Тракия,Insa Oil,Дизел премиум,1.79,,"посока София-Бургас, km 89+400"
2026-08-28T05:32:00+00:00,АМ Тракия,Insa Oil,Пропан Бутан,0.66,,"посока София-Бургас, km 89+400"
2026-08-28T05:32:00+00:00,АМ Тракия,Insa Oil,Бензин A100,1.74,,"посока София-Бургас, km 89+400"
2026-08-28T05:32:00+00:00,АМ Тракия,Insa Oil,Дизел,1.93,,"посока София-Бургас, km 89+400"
2026-08-28T05:32:00+00:00,Благоевград,КИОГ,Бензин A95,1.52,Благоевград,бул. Св. Димитър Солунски №77 (над ДАИ)
2026-08-28T05:32:00+00:00,Благоевград,КИОГ,Дизел,1.76,Благоевград,бул. Св. Димитър Солунски №77 (над ДАИ)
2026-08-28T05:16:00+00:00,Добрич,CHIMOIL Добрич 1,Бензин A95,1.53,Добрич,бул. 3-ти март №47
2026-08-28T05:16:00+00:00,Добрич,CHIMOIL Добрич 1,Дизел,1.83,Добрич,бул. 3-ти март №47
2026-08-28T05:16:00+00:00,Добрич,CHIMOIL Добрич 1,Пропан Бутан,0.65,Добрич,бул. 3-ти март №47
2026-08-28T05:16:00+00:00,Стожер,CHIMOIL,Бензин A95,1.51,,ул. Опълченска
2026-08-28T05:16:00+00:00,Стожер,CHIMOIL,Дизел,1.8,,ул. Опълченска
2026-08-28T05:16:00+00:00,Стожер,CHIMOIL,Пропан Бутан,0.65,,ул. Опълченска
2026-08-28T05:16:00+00:00,София,CHIMOIL,Бензин A95,1.53,София,бул проф. Цветан Лазаров №13 (тържище Слатина-Булгарплод)
2026-08-28T05:16:00+00:00,София,CHIMOIL,Дизел,1.83,София,бул проф. Цветан Лазаров №13 (тържище Слатина-Булгарплод)
2026-08-28T05:02:00+00:00,Стара Загора,Insa Oil,Бензин A95,1.51,Стара Загора,бул. Никола Петков №59 (на входа от Нова Загора)
2026-08-28T05:02:00+00:00,Стара Загора,Insa Oil,Дизел премиум,1.75,Стара Загора,бул. Никола Петков №59 (на входа от Нова Загора)
2026-08-28T05:02:00+00:00,Стара Загора,Insa Oil,Пропан Бутан,0.66,Стара Загора,бул. Никола Петков №59 (на входа от Нова Загора)
2026-08-28T04:58:00+00:00,Ямбол,ALPI,Бензин A95,1.52,Ямбол,ул. Преслав №108
2026-08-28T04:58:00+00:00,Ямбол,ALPI,Дизел,1.77,Ямбол,ул. Преслав №108
2026-08-28T04:58:00+00:00,Пловдив,Alpi,Бензин A95,1.47,Пловдив,ул. Дилянка №27
2026-08-28T04:58:00+00:00,Пловдив,Alpi,Дизел,1.72,Пловдив,ул. Дилянка №27
2026-08-28T04:58:00+00:00,Пловдив,Alpi,Пропан Бутан,0.63,Пловдив,ул. Дилянка №27
2026-08-28T04:58:00+00:00,Пловдив,Alpi,Бензин A100,1.63,Пловдив,ул. Дилянка №27
2026-08-28T04:58:00+00:00,Клокотница,Alpi,Бензин A95,1.48,,Квартал 4
2026-08-28T04:58:00+00:00,Клокотница,Alpi,Дизел,1.75,,Квартал 4
2026-08-28T04:58:00+00:00,Клокотница,Alpi,Пропан Бутан,0.62,,Квартал 4
2026-08-28T04:58:00+00:00,София,ALPI,Бензин A95,1.47,София,ул. цар Симеон
2026-08-28T04:58:00+00:00,София,ALPI,Дизел,1.71,София,ул. цар Симеон
2026-08-28T04:58:00+00:00,Главиница,ALPI,Бензин A95,1.47,Силистра,път II-37
2026-08-28T04:58:00+00:00,Главиница,ALPI,Дизел,1.72,Силистра,път II-37
2026-08-28T04:58:00+00:00,Главиница,ALPI,Пропан Бутан,0.63,Силистра,път II-37
2026-08-28T04:58:00+00:00,Раднево,АЛПИ,Бензин A95,1.43,Стара Загора,ул. Магда Петканова №49
2026-08-28T04:58:00+00:00,Раднево,АЛПИ,Дизел,1.67,Стара Загора,ул. Магда Петканова №49
2026-08-28T04:58:00+00:00,Раднево,АЛПИ,Пропан Бутан,0.64,Стара Загора,ул. Магда Петканова №49
2026-08-28T04:58:00+00:00,Баня,ALPI,Бензин A95,1.47,,на гл път Пловдив-Карлово
2026-08-28T04:58:00+00:00,Баня,ALPI,Дизел,1.72,,на гл път Пловдив-Карлово
2026-08-28T04:58:00+00:00,Баня,ALPI,Пропан Бутан,0.61,,на гл път Пловдив-Карлово
2026-08-28T04:58:00+00:00,Пловдив,АЛПИ Пловдив 2,Бензин A95,1.47,Пловдив,"Изход за Хасково, 2-ри км"
2026-08-28T04:58:00+00:00,Пловдив,АЛПИ Пловдив 2,Дизел,1.72,Пловдив,"Изход за Хасково, 2-ри км"
2026-08-28T04:58:00+00:00,Пловдив,АЛПИ Пловдив 2,Пропан Бутан,0.61,Пловдив,"Изход за Хасково, 2-ри км"
2026-08-28T04:58:00+00:00,Пловдив,АЛПИ Пловдив 2,Бензин A100,1.63,Пловдив,"Изход за Хасково, 2-ри км"
2026-08-28T04:29:00+00:00,Стара Загора,Insa Oil,Бензин A95,1.51,Стара Загора,бул. Свети Патриарх Евтимий №9Г
2026-08-28T04:29:00+00:00,Стара Загора,Insa Oil,Дизел премиум,1.75,Стара Загора,бул. Свети Патриарх Евтимий №9Г
2026-08-28T04:29:00+00:00,Стара Загора,Insa Oil,Пропан Бутан,0.66,Стара Загора,бул. Свети Патриарх Евтимий №9Г
2026-08-28T04:29:00+00:00,Стара Загора,Insa Oil,Бензин A100,1.75,Стара Загора,бул. Свети Патриарх Евтимий №9Г
2026-08-28T04:29:00+00:00,Стара Загора,Insa Oil,Дизел,1.91,Стара Загора,бул. Свети Патриарх Евтимий №9Г
2026-08-28T04:26:00+00:00,Пловдив,Insa Oil,Бензин A95,1.51,Пловдив,бул. Мария Луиза №58
2026-08-28T04:26:00+00:00,Пловдив,Insa Oil,Дизел премиум,1.75,Пловдив,бул. Мария Луиза №58
2026-08-28T04:26:00+00:00,Пловдив,Insa Oil,Пропан Бутан,0.66,Пловдив,бул. Мария Луиза №58
2026-08-28T04:26:00+00:00,АМ Тракия,Insa Oil,Бензин A95,1.53,,"посока Бургас-София, km 89+400"
2026-08-28T04:26:00+00:00,АМ Тракия,Insa Oil,Дизел премиум,1.79,,"посока Бургас-София, km 89+400"
2026-08-28T04:26:00+00:00,АМ Тракия,Insa Oil,Пропан Бутан,0.66,,"посока Бургас-София, km 89+400"
2026-08-28T04:26:00+00:00,АМ Тракия,Insa Oil,Бензин A100,1.74,,"посока Бургас-София, km 89+400"
2026-08-28T04:26:00+00:00,АМ Тракия,Insa Oil,Дизел,1.93,,"посока Бургас-София, km 89+400"
2026-08-28T04:02:00+00:00,Пловдив,Insa Oil,Бензин A95,1.51,Пловдив,бул. Димитър Талев №202 (м-т Остромила)
2026-08-28T04:02:00+00:00,Пловдив,Insa Oil,Дизел премиум,1.75,Пловдив,бул. Димитър Талев №202 (м-т Остромила)
2026-08-28T04:02:00+00:00,Пловдив,Insa Oil,Пропан Бутан,0.66,Пловдив,бул. Димитър Талев №202 (м-т Остромила)
2026-08-28T04:02:00+00:00,Пловдив,Insa Oil,Бензин A100,1.75,Пловдив,бул. Димитър Талев №202 (м-т Остромила)
2026-08-28T04:02:00+00:00,Пловдив,Insa Oil,Дизел,1.92,Пловдив,бул. Димитър Талев №202 (м-т Остромила)
2026-08-28T01:43:00+00:00,София,InterSpeed Обеля,Метан,1.35,София,ул. Академик Дмитрий Лихачов №29
2026-08-27T21:26:00+00:00,Плевен,Lukoil,Бензин A95,1.59,Плевен,до КАТ - север
2026-08-27T21:26:00+00:00,Плевен,Lukoil,Дизел,1.82,Плевен,до КАТ - север
2026-08-27T21:26:00+00:00,Плевен,Lukoil,Пропан Бутан,0.65,Плевен,до КАТ - север
2026-08-27T21:26:00+00:00,Плевен,Lukoil,Бензин A100,1.77,Плевен,до КАТ - север
2026-08-27T18:00:00+00:00,София,ЕКО,Бензин A95,1.59,София,бул. Панчо Владигеров и ул. 701
2026-08-27T18:00:00+00:00,София,ЕКО,Дизел,1.85,София,бул. Панчо Владигеров и ул. 701
2026-08-27T18:00:00+00:00,София,ЕКО,Пропан Бутан,0.66,София,бул. Панчо Владигеров и ул. 701
2026-08-27T18:00:00+00:00,София,ЕКО,Бензин A100,1.85,София,бул. Панчо Владигеров и ул. 701
2026-08-27T18:00:00+00:00,София,ЕКО,Дизел премиум,2.11,София,бул. Панчо Владигеров и ул. 701
2026-08-27T18:00:00+00:00,Крумово,ЕКО,Бензин A95,1.59,,8-ми км на път ІІ-86 (посока Пловдив-Асеновград)
2026-08-27T18:00:00+00:00,Крумово,ЕКО,Дизел,1.85,,8-ми км на път ІІ-86 (посока Пловдив-Асеновград)
2026-08-27T18:00:00+00:00,Крумово,ЕКО,Пропан Бутан,0.66,,8-ми км на път ІІ-86 (посока Пловдив-Асеновград)
2026-08-27T18:00:00+00:00,Крумово,ЕКО,Бензин A100,1.85,,8-ми км на път ІІ-86 (посока Пловдив-Асеновград)
2026-08-27T18:00:00+00:00,Крумово,ЕКО,Дизел премиум,2.11,,8-ми км на път ІІ-86 (посока Пловдив-Асеновград)
2026-08-27T18:00:00+00:00,Русе,ЕКО,Бензин A95,1.59,Русе,бул. Липник №3
2026-08-27T18:00:00+00:00,Русе,ЕКО,Дизел,1.85,Русе,бул. Липник №3
2026-08-27T18:00:00+00:00,Русе,ЕКО,Пропан Бутан,0.66,Русе,бул. Липник №3
2026-08-27T18:00:00+00:00,Русе,ЕКО,Бензин A100,1.85,Русе,бул. Липник №3
2026-08-27T18:00:00+00:00,Русе,ЕКО,Дизел премиум,2.11,Русе,бул. Липник №3
2026-08-27T18:00:00+00:00,София,ЕКО,Бензин A95,1.59,София,бул. Професор Цветан Лазаров
2026-08-27T18:00:00+00:00,София,ЕКО,Дизел,1.85,София,бул. Професор Цветан Лазаров
2026-08-27T18:00:00+00:00,София,ЕКО,Пропан Бутан,0.66,София,бул. Професор Цветан Лазаров
2026-08-27T18:00:00+00:00,София,ЕКО,Бензин A100,1.85,София,бул. Професор Цветан Лазаров
2026-08-27T18:00:00+00:00,София,ЕКО,Дизел премиум,2.11,София,бул. Професор Цветан Лазаров
2026-08-27T18:00:00+00:00,Добрич,ЕКО,Бензин A95,1.58,Добрич,бул. Добруджа №24
2026-08-27T18:00:00+00:00,Добрич,ЕКО,Дизел,1.83,Добрич,бул. Добруджа №24
2026-08-27T18:00:00+00:00,Добрич,ЕКО,Пропан Бутан,0.65,Добрич,бул. Добруджа №24
2026-08-27T18:00:00+00:00,Добрич,ЕКО,Бензин A100,1.84,Добрич,бул. Добруджа №24
2026-08-27T18:00:00+00:00,Добрич,ЕКО,Дизел премиум,2.09,Добрич,бул. Добруджа №24
2026-08-27T18:00:00+00:00,Русе,ЕКО,Бензин A95,1.59,Русе,бул. България №206
2026-08-27T18:00:00+00:00,Русе,ЕКО,Дизел,1.85,Русе,бул. България №206
2026-08-27T18:00:00+00:00,Русе,ЕКО,Пропан Бутан,0.66,Русе,бул. България №206
2026-08-27T18:00:00+00:00,Русе,ЕКО,Бензин A100,1.85,Русе,бул. България №206
2026-08-27T18:00:00+00:00,Русе,ЕКО,Дизел премиум,2.11,Русе,бул. България №206
2026-08-27T18:00:00+00:00,Своге,ЕКО,Бензин A95,1.59,София област,бул. Искър №6Б
2026-08-27T18:00:00+00:00,Своге,ЕКО,Дизел,1.85,София област,бул. Искър №6Б
2026-08-27T18:00:00+00:00,Своге,ЕКО,Пропан Бутан,0.66,София област,бул. Искър №6Б
2026-08-27T18:00:00+00:00,Своге,ЕКО,Бензин A100,1.85,София област,бул. Искър №6Б
2026-08-27T18:00:00+00:00,Своге,ЕКО,Дизел премиум,2.11,София област,бул. Искър №6Б
2026-08-27T18:00:00+00:00,Хасково,ЕКО,Бензин A95,1.59,Хасково,бул. Васил Левски (до цигарена фабрика)
2026-08-27T18:00:00+00:00,Хасково,ЕКО,Дизел,1.85,Хасково,бул. Васил Левски (до цигарена фабрика)
2026-08-27T18:00:00+00:00,Хасково,ЕКО,Пропан Бутан,0.66,Хасково,бул. Васил Левски (до цигарена фабрика)
2026-08-27T18:00:00+00:00,Хасково,ЕКО,Бензин A100,1.85,Хасково,бул. Васил Левски (до цигарена фабрика)
2026-08-27T18:00:00+00:00,Хасково,ЕКО,Дизел премиум,2.11,Хасково,бул. Васил Левски (до цигарена фабрика)
2026-08-27T18:00:00+00:00,Петрич,ЕКО,Бензин A95,1.59,Благоевград,"изход, местност Мерата"
2026-08-27T18:00:00+00:00,Петрич,ЕКО,Дизел,1.85,Благоевград,"изход, местност Мерата"
2026-08-27T18:00:00+00:00,Петрич,ЕКО,Пропан Бутан,0.66,Благоевград,"изход, местност Мерата"
2026-08-27T18:00:00+00:00,Петрич,ЕКО,Бензин A100,1.85,Благоевград,"изход, местност Мерата"
2026-08-27T18:00:00+00:00,Петрич,ЕКО,Дизел премиум,2.11,Благоевград,"изход, местност Мерата"
2026-08-27T18:00:00+00:00,Сливен,ЕКО,Бензин A95,1.59,Сливен,ул. Старозагорско шосе (до КАТ)
2026-08-27T18:00:00+00:00,Сливен,ЕКО,Дизел,1.85,Сливен,ул. Старозагорско шосе (до КАТ)
2026-08-27T18:00:00+00:00,Сливен,ЕКО,Пропан Бутан,0.66,Сливен,ул. Старозагорско шосе (до КАТ)
2026-08-27T18:00:00+00:00,Сливен,ЕКО,Бензин A100,1.85,Сливен,ул. Старозагорско шосе (до КАТ)
2026-08-27T18:00:00+00:00,Сливен,ЕКО,Дизел премиум,2.11,Сливен,ул. Старозагорско шосе (до КАТ)
2026-08-27T18:00:00+00:00,Севлиево,ЕКО,Бензин A95,1.59,Габрово,ул. Бял бряг №2 (до Идеал стандарт)
2026-08-27T18:00:00+00:00,Севлиево,ЕКО,Дизел,1.85,Габрово,ул. Бял бряг №2 (до Идеал стандарт)
2026-08-27T18:00:00+00:00,Севлиево,ЕКО,Пропан Бутан,0.66,Габрово,ул. Бял бряг №2 (до Идеал стандарт)
2026-08-27T18:00:00+00:00,Севлиево,ЕКО,Бензин A100,1.85,Габрово,ул. Бял бряг №2 (до Идеал стандарт)
2026-08-27T18:00:00+00:00,Севлиево,ЕКО,Дизел премиум,2.11,Габрово,ул. Бял бряг №2 (до Идеал стандарт)
2026-08-27T18:00:00+00:00,Стара Загора,ЕКО,Бензин A95,1.59,Стара Загора,бул. Патрирах Евтимий №19А
2026-08-27T18:00:00+00:00,Стара Загора,ЕКО,Дизел,1.85,Стара Загора,бул. Патрирах Евтимий №19А
2026-08-27T18:00:00+00:00,Стара Загора,ЕКО,Пропан Бутан,0.66,Стара Загора,бул. Патрирах Евтимий №19А
2026-08-27T18:00:00+00:00,Стара Загора,ЕКО,Бензин A100,1.85,Стара Загора,бул. Патрирах Евтимий №19А
2026-08-27T18:00:00+00:00,Стара Загора,ЕКО,Дизел премиум,2.11,Стара Загора,бул. Патрирах Евтимий №19А
2026-08-27T18:00:00+00:00,Свиленград,ЕКО,Бензин A95,1.59,Хасково,бул. България №137А
2026-08-27T18:00:00+00:00,Свиленград,ЕКО,Дизел,1.84,Хасково,бул. България №137А
2026-08-27T18:00:00+00:00,Свиленград,ЕКО,Пропан Бутан,0.66,Хасково,бул. България №137А
2026-08-27T18:00:00+00:00,Свиленград,ЕКО,Бензин A100,1.85,Хасково,бул. България №137А
2026-08-27T18:00:00+00:00,Свиленград,ЕКО,Дизел премиум,2.1,Хасково,бул. България №137А
2026-08-27T18:00:00+00:00,Пловдив,ЕКО,Бензин A95,1.57,Пловдив,бул. Цариградско Шосе №5А
2026-08-27T18:00:00+00:00,Пловдив,ЕКО,Дизел,1.83,Пловдив,бул. Цариградско Шосе №5А
2026-08-27T18:00:00+00:00,Пловдив,ЕКО,Пропан Бутан,0.66,Пловдив,бул. Цариградско Шосе №5А
2026-08-27T18:00:00+00:00,Пловдив,ЕКО,Бензин A100,1.83,Пловдив,бул. Цариградско Шосе №5А
2026-08-27T18:00:00+00:00,Пловдив,ЕКО,Дизел премиум,2.09,Пловдив,бул. Цариградско Шосе №5А
2026-08-27T18:00:00+00:00,София,ЕКО,Бензин A95,1.57,София,бул. Шипченски проход (пред завод Електроника)
2026-08-27T18:00:00+00:00,София,ЕКО,Дизел,1.83,София,бул. Шипченски проход (пред завод Електроника)
2026-08-27T18:00:00+00:00,София,ЕКО,Пропан Бутан,0.66,София,бул. Шипченски проход (пред завод Електроника)
2026-08-27T18:00:00+00:00,София,ЕКО,Бензин A100,1.83,София,бул. Шипченски проход (пред завод Електроника)
2026-08-27T18:00:00+00:00,София,ЕКО,Дизел премиум,2.09,София,бул. Шипченски проход (пред завод Електроника)
2026-08-27T18:00:00+00:00,Русе,ЕКО,Бензин A95,1.59,Русе,бул. Хр. Ботев №40
2026-08-27T18:00:00+00:00,Русе,ЕКО,Дизел,1.85,Русе,бул. Хр. Ботев №40
2026-08-27T18:00:00+00:00,Русе,ЕКО,Пропан Бутан,0.66,Русе,бул. Хр. Ботев №40
2026-08-27T18:00:00+00:00,Русе,ЕКО,Бензин A100,1.85,Русе,бул. Хр. Ботев №40
2026-08-27T18:00:00+00:00,Русе,ЕКО,Дизел премиум,2.11,Русе,бул. Хр. Ботев №40
2026-08-27T18:00:00+00:00,Монтана,ЕКО,Бензин A95,1.59,Монтана,"път Е-79, посока Враца"
2026-08-27T18:00:00+00:00,Монтана,ЕКО,Дизел,1.85,Монтана,"път Е-79, посока Враца"
2026-08-27T18:00:00+00:00,Монтана,ЕКО,Пропан Бутан,0.66,Монтана,"път Е-79, посока Враца"
2026-08-27T18:00:00+00:00,Монтана,ЕКО,Бензин A100,1.85,Монтана,"път Е-79, посока Враца"
2026-08-27T18:00:00+00:00,Монтана,ЕКО,Дизел премиум,2.11,Монтана,"път Е-79, посока Враца"
2026-08-27T18:00:00+00:00,Кюстендил,ЕКО,Бензин A95,1.59,Кюстендил,ул. Николичевски път №2 (до завод Велбъжд)
2026-08-27T18:00:00+00:00,Кюстендил,ЕКО,Дизел,1.85,Кюстендил,ул. Николичевски път №2 (до завод Велбъжд)
2026-08-27T18:00:00+00:00,Кюстендил,ЕКО,Пропан Бутан,0.66,Кюстендил,ул. Николичевски път №2 (до завод Велбъжд)
2026-08-27T18:00:00+00:00,Кюстендил,ЕКО,Дизел премиум,2.11,Кюстендил,ул. Николичевски път №2 (до завод Велбъжд)
2026-08-27T18:00:00+00:00,Варна,ЕКО,Бензин A95,1.6,Варна,ул. Първа №87 (срещу Евkсиноград)
2026-08-27T18:00:00+00:00,Варна,ЕКО,Дизел,1.85,Варна,ул. Първа №87 (срещу Евkсиноград)
2026-08-27T18:00:00+00:00,Варна,ЕКО,Пропан Бутан,0.66,Варна,ул. Първа №87 (срещу Евkсиноград)
2026-08-27T18:00:00+00:00,Варна,ЕКО,Бензин A100,1.86,Варна,ул. Първа №87 (срещу Евkсиноград)
2026-08-27T18:00:00+00:00,Варна,ЕКО,Дизел премиум,2.11,Варна,ул. Първа №87 (срещу Евkсиноград)
2026-08-27T18:00:00+00:00,Благоевград,ЕКО,Бензин A95,1.57,Благоевград,бул. Пейо Яворов №2 (х-л Езерец)
2026-08-27T18:00:00+00:00,Благоевград,ЕКО,Дизел,1.83,Благоевград,бул. Пейо Яворов №2 (х-л Езерец)
2026-08-27T18:00:00+00:00,Благоевград,ЕКО,Пропан Бутан,0.66,Благоевград,бул. Пейо Яворов №2 (х-л Езерец)
2026-08-27T18:00:00+00:00,Благоевград,ЕКО,Дизел премиум,2.09,Благоевград,бул. Пейо Яворов №2 (х-л Езерец)
2026-08-27T18:00:00+00:00,София,ЕКО,Бензин A95,1.59,София,ул. Димитър Пешев
2026-08-27T18:00:00+00:00,София,ЕКО,Дизел,1.85,София,ул. Димитър Пешев
2026-08-27T18:00:00+00:00,София,ЕКО,Пропан Бутан,0.66,София,ул. Димитър Пешев
2026-08-27T18:00:00+00:00,София,ЕКО,Метан,1.49,София,ул. Димитър Пешев
2026-08-27T18:00:00+00:00,София,ЕКО,Бензин A100,1.85,София,ул. Димитър Пешев
2026-08-27T18:00:00+00:00,София,ЕКО,Дизел премиум,2.11,София,ул. Димитър Пешев
2026-08-27T18:00:00+00:00,Варна,ЕКО,Бензин A95,1.59,Варна,ул. Девня
2026-08-27T18:00:00+00:00,Варна,ЕКО,Дизел,1.85,Варна,ул. Девня
2026-08-27T18:00:00+00:00,Варна,ЕКО,Пропан Бутан,0.66,Варна,ул. Девня
2026-08-27T18:00:00+00:00,Варна,ЕКО,Бензин A100,1.85,Варна,ул. Девня
2026-08-27T18:00:00+00:00,Варна,ЕКО,Дизел премиум,2.11,Варна,ул. Девня
2026-08-27T18:00:00+00:00,Пловдив,ЕКО,Бензин A95,1.59,Пловдив,бул. България №2 (до Панаира)
2026-08-27T18:00:00+00:00,Пловдив,ЕКО,Дизел,1.85,Пловдив,бул. България №2 (до Панаира)
2026-08-27T18:00:00+00:00,Пловдив,ЕКО,Пропан Бутан,0.66,Пловдив,бул. България №2 (до Панаира)
2026-08-27T18:00:00+00:00,Пловдив,ЕКО,Бензин A100,1.85,Пловдив,бул. България №2 (до Панаира)
2026-08-27T18:00:00+00:00,Пловдив,ЕКО,Дизел премиум,2.11,Пловдив,бул. България №2 (до Панаира)
2026-08-27T18:00:00+00:00,Банско,ЕКО,Бензин A95,1.59,Благоевград,ул. Никола Голев 3-7 (пътя за Гоце Делчев)
2026-08-27T18:00:00+00:00,Банско,ЕКО,Дизел,1.85,Благоевград,ул. Никола Голев 3-7 (пътя за Гоце Делчев)
2026-08-27T18:00:00+00:00,Банско,ЕКО,Пропан Бутан,0.66,Благоевград,ул. Никола Голев 3-7 (пътя за Гоце Делчев)
2026-08-27T18:00:00+00:00,Банско,ЕКО,Бензин A100,1.85,Благоевград,ул. Никола Голев 3-7 (пътя за Гоце Делчев)
2026-08-27T18:00:00+00:00,Банско,ЕКО,Дизел премиум,2.11,Благоевград,ул. Никола Голев 3-7 (пътя за Гоце Делчев)
2026-08-27T18:00:00+00:00,София,ЕКО,Бензин A95,1.57,София,бул. К. Величков и ул. Д-р Каликов
2026-08-27T18:00:00+00:00,София,ЕКО,Дизел,1.83,София,бул. К. Величков и ул. Д-р Каликов
2026-08-27T18:00:00+00:00,София,ЕКО,Пропан Бутан,0.66,София,бул. К. Величков и ул. Д-р Каликов
2026-08-27T18:00:00+00:00,София,ЕКО,Дизел премиум,2.09,София,бул. К. Величков и ул. Д-р Каликов
2026-08-27T18:00:00+00:00,Хасково,ЕКО,Бензин A95,1.59,Хасково,ул. Димитровградско шосе (изход София)
2026-08-27T18:00:00+00:00,Хасково,ЕКО,Дизел,1.85,Хасково,ул. Димитровградско шосе (изход София)
2026-08-27T18:00:00+00:00,Хасково,ЕКО,Пропан Бутан,0.66,Хасково,ул. Димитровградско шосе (изход София)
2026-08-27T18:00:00+00:00,Хасково,ЕКО,Бензин A100,1.85,Хасково,ул. Димитровградско шосе (изход София)
2026-08-27T18:00:00+00:00,Хасково,ЕКО,Дизел премиум,2.11,Хасково,ул. Димитровградско шосе (изход София)
2026-08-27T18:00:00+00:00,Пловдив,ЕКО,Бензин A95,1.57,Пловдив,бул. Пещерско шосе №156
2026-08-27T18:00:00+00:00,Пловдив,ЕКО,Дизел,1.83,Пловдив,бул. Пещерско шосе №156
2026-08-27T18:00:00+00:00,Пловдив,ЕКО,Пропан Бутан,0.66,Пловдив,бул. Пещерско шосе №156
2026-08-27T18:00:00+00:00,Пловдив,ЕКО,Бензин A100,1.83,Пловдив,бул. Пещерско шосе №156
2026-08-27T18:00:00+00:00,Пловдив,ЕКО,Дизел премиум,2.09,Пловдив,бул. Пещерско шосе №156
2026-08-27T18:00:00+00:00,Варна,ЕКО,Бензин A95,1.59,Варна,бул. Сливница №189
2026-08-27T18:00:00+00:00,Варна,ЕКО,Дизел,1.85,Варна,бул. Сливница №189
2026-08-27T18:00:00+00:00,Варна,ЕКО,Пропан Бутан,0.66,Варна,бул. Сливница №189
2026-08-27T18:00:00+00:00,Варна,ЕКО,Бензин A100,1.85,Варна,бул. Сливница №189
2026-08-27T18:00:00+00:00,Варна,ЕКО,Дизел премиум,2.11,Варна,бул. Сливница №189
2026-08-27T18:00:00+00:00,Ахелой,ЕКО,Бензин A95,1.59,,"на главния път, изхода за Слънчев Бряг"
2026-08-27T18:00:00+00:00,Ахелой,ЕКО,Дизел,1.85,,"на главния път, изхода за Слънчев Бряг"
2026-08-27T18:00:00+00:00,Ахелой,ЕКО,Пропан Бутан,0.66,,"на главния път, изхода за Слънчев Бряг"
2026-08-27T18:00:00+00:00,Ахелой,ЕКО,Дизел премиум,2.11,,"на главния път, изхода за Слънчев Бряг"
2026-08-27T18:00:00+00:00,Пловдив,ЕКО,Бензин A95,1.59,Пловдив,ул. Кукленско шосе №22
2026-08-27T18:00:00+00:00,Пловдив,ЕКО,Дизел,1.85,Пловдив,ул. Кукленско шосе №22
2026-08-27T18:00:00+00:00,Пловдив,ЕКО,Пропан Бутан,0.66,Пловдив,ул. Кукленско шосе №22
2026-08-27T18:00:00+00:00,Пловдив,ЕКО,Бензин A100,1.85,Пловдив,ул. Кукленско шосе №22
2026-08-27T18:00:00+00:00,Пловдив,ЕКО,Дизел премиум,2.11,Пловдив,ул. Кукленско шосе №22
2026-08-27T18:00:00+00:00,Варна,ЕКО,Бензин A95,1.59,Варна,бул. Владислав Варненчик
2026-08-27T18:00:00+00:00,Варна,ЕКО,Дизел,1.85,Варна,бул. Владислав Варненчик
2026-08-27T18:00:00+00:00,Варна,ЕКО,Пропан Бутан,0.66,Варна,бул. Владислав Варненчик
2026-08-27T18:00:00+00:00,Варна,ЕКО,Бензин A100,1.85,Варна,бул. Владислав Варненчик
2026-08-27T18:00:00+00:00,Варна,ЕКО,Дизел премиум,2.11,Варна,бул. Владислав Варненчик
2026-08-27T18:00:00+00:00,София,ЕКО,Бензин A95,1.59,София,с. Долни Богров
2026-08-27T18:00:00+00:00,София,ЕКО,Дизел,1.85,София,с. Долни Богров
2026-08-27T18:00:00+00:00,София,ЕКО,Бензин A100,1.85,София,с. Долни Богров
2026-08-27T18:00:00+00:00,София,ЕКО,Дизел премиум,2.11,София,с. Долни Богров
2026-08-27T18:00:00+00:00,Кула,ЕКО,Бензин A95,1.59,Видин,ул. Толбухин №4
2026-08-27T18:00:00+00:00,Кула,ЕКО,Дизел,1.84,Видин,ул. Толбухин №4
2026-08-27T18:00:00+00:00,Кула,ЕКО,Пропан Бутан,0.65,Видин,ул. Толбухин №4
2026-08-27T18:00:00+00:00,Перник,ЕКО,Бензин A95,1.59,Перник,ул. Скоростна магистрала
2026-08-27T18:00:00+00:00,Перник,ЕКО,Дизел,1.85,Перник,ул. Скоростна магистрала
2026-08-27T18:00:00+00:00,Перник,ЕКО,Пропан Бутан,0.66,Перник,ул. Скоростна магистрала
2026-08-27T18:00:00+00:00,Перник,ЕКО,Дизел премиум,2.11,Перник,ул. Скоростна магистрала
2026-08-27T18:00:00+00:00,Горна Оряховица,ЕКО,Бензин A95,1.59,Велико Търново,ул. Васил Левски №23
2026-08-27T18:00:00+00:00,Горна Оряховица,ЕКО,Дизел,1.85,Велико Търново,ул. Васил Левски №23
2026-08-27T18:00:00+00:00,Горна Оряховица,ЕКО,Пропан Бутан,0.66,Велико Търново,ул. Васил Левски №23
2026-08-27T18:00:00+00:00,Горна Оряховица,ЕКО,Бензин A100,1.85,Велико Търново,ул. Васил Левски №23
2026-08-27T18:00:00+00:00,Горна Оряховица,ЕКО,Дизел премиум,2.11,Велико Търново,ул. Васил Левски №23
2026-08-27T18:00:00+00:00,Велико Търново,ЕКО,Бензин A95,1.57,Велико Търново,ул. Магистрална (срещу завод Победа)
2026-08-27T18:00:00+00:00,Велико Търново,ЕКО,Дизел,1.83,Велико Търново,ул. Магистрална (срещу завод Победа)
2026-08-27T18:00:00+00:00,Велико Търново,ЕКО,Пропан Бутан,0.66,Велико Търново,ул. Магистрална (срещу завод Победа)
2026-08-27T18:00:00+00:00,Велико Търново,ЕКО,Бензин A100,1.83,Велико Търново,ул. Магистрална (срещу завод Победа)
2026-08-27T18:00:00+00:00,Велико Търново,ЕКО,Дизел премиум,2.09,Велико Търново,ул. Магистрална (срещу завод Победа)
2026-08-27T18:00:00+00:00,Шумен,ЕКО,Бензин A95,1.59,Шумен,бул. Ришки проход №25 (срещу митницата)
2026-08-27T18:00:00+00:00,Шумен,ЕКО,Дизел,1.85,Шумен,бул. Ришки проход №25 (срещу митницата)
2026-08-27T18:00:00+00:00,Шумен,ЕКО,Пропан Бутан,0.66,Шумен,бул. Ришки проход №25 (срещу митницата)
2026-08-27T18:00:00+00:00,Шумен,ЕКО,Бензин A100,1.85,Шумен,бул. Ришки проход №25 (срещу митницата)
2026-08-27T18:00:00+00:00,Шумен,ЕКО,Дизел премиум,2.11,Шумен,бул. Ришки проход №25 (срещу митницата)
2026-08-27T18:00:00+00:00,София,ЕКО,Бензин A95,1.56,София,ул. Пражка пролет
2026-08-27T18:00:00+00:00,София,ЕКО,Дизел,1.8,София,ул. Пражка пролет
2026-08-27T18:00:00+00:00,София,ЕКО,Бензин A100,1.82,София,ул. Пражка пролет
2026-08-27T18:00:00+00:00,София,ЕКО,Дизел премиум,2.06,София,ул. Пражка пролет
2026-08-27T18:00:00+00:00,София,ЕКО,Бензин A95,1.59,София,бул. Царица Йоана (Люлин 7)
2026-08-27T18:00:00+00:00,София,ЕКО,Дизел,1.85,София,бул. Царица Йоана (Люлин 7)
2026-08-27T18:00:00+00:00,София,ЕКО,Пропан Бутан,0.66,София,бул. Царица Йоана (Люлин 7)
2026-08-27T18:00:00+00:00,София,ЕКО,Бензин A100,1.85,София,бул. Царица Йоана (Люлин 7)
2026-08-27T18:00:00+00:00,София,ЕКО,Дизел премиум,2.11,София,бул. Царица Йоана (Люлин 7)
2026-08-27T18:00:00+00:00,Перник 1,ЕКО,Бензин A95,1.59,,бул. Юрий Гагарин
2026-08-27T18:00:00+00:00,Перник 1,ЕКО,Дизел,1.85,,бул. Юрий Гагарин
2026-08-27T18:00:00+00:00,Перник 1,ЕКО,Пропан Бутан,0.66,,бул. Юрий Гагарин
2026-08-27T18:00:00+00:00,Перник 1,ЕКО,Бензин A100,1.85,,бул. Юрий Гагарин
2026-08-27T18:00:00+00:00,Перник 1,ЕКО,Дизел премиум,2.11,,бул. Юрий Гагарин
2026-08-27T18:00:00+00:00,Варна,ЕКО,Бензин A95,1.59,Варна,бул. Васил Левски (под стадион Чайка)
2026-08-27T18:00:00+00:00,Варна,ЕКО,Дизел,1.85,Варна,бул. Васил Левски (под стадион Чайка)
2026-08-27T18:00:00+00:00,Варна,ЕКО,Пропан Бутан,0.66,Варна,бул. Васил Левски (под стадион Чайка)
2026-08-27T18:00:00+00:00,Варна,ЕКО,Дизел премиум,2.11,Варна,бул. Васил Левски (под стадион Чайка)
2026-08-27T18:00:00+00:00,Плевен,ЕКО,Бензин A95,1.59,Плевен,ул. Българска авиация №2 (след подлеза)
2026-08-27T18:00:00+00:00,Плевен,ЕКО,Дизел,1.85,Плевен,ул. Българска авиация №2 (след подлеза)
2026-08-27T18:00:00+00:00,Плевен,ЕКО,Бензин A100,1.85,Плевен,ул. Българска авиация №2 (след подлеза)
2026-08-27T18:00:00+00:00,Плевен,ЕКО,Дизел премиум,2.11,Плевен,ул. Българска авиация №2 (след подлеза)
2026-08-27T18:00:00+00:00,Велико Търново,ЕКО,Бензин A95,1.57,Велико Търново,ул. Магистрална №28
2026-08-27T18:00:00+00:00,Велико Търново,ЕКО,Дизел,1.83,Велико Търново,ул. Магистрална №28
2026-08-27T18:00:00+00:00,Велико Търново,ЕКО,Бензин A100,1.83,Велико Търново,ул. Магистрална №28
2026-08-27T18:00:00+00:00,Велико Търново,ЕКО,Дизел премиум,2.09,Велико Търново,ул. Магистрална №28
2026-08-27T18:00:00+00:00,София,ЕКО,Бензин A95,1.59,София,бул. Ботевградско шосе
2026-08-27T18:00:00+00:00,София,ЕКО,Дизел,1.85,София,бул. Ботевградско шосе
2026-08-27T18:00:00+00:00,София,ЕКО,Пропан Бутан,0.66,София,бул. Ботевградско шосе
2026-08-27T18:00:00+00:00,София,ЕКО,Бензин A100,1.85,София,бул. Ботевградско шосе
2026-08-27T18:00:00+00:00,София,ЕКО,Дизел премиум,2.11,София,бул. Ботевградско шосе
2026-08-27T18:00:00+00:00,Благоевград,ЕКО,Бензин A95,1.57,Благоевград,бул. Свети Димитър Солунски
2026-08-27T18:00:00+00:00,Благоевград,ЕКО,Дизел,1.83,Благоевград,бул. Свети Димитър Солунски
2026-08-27T18:00:00+00:00,Благоевград,ЕКО,Пропан Бутан,0.66,Благоевград,бул. Свети Димитър Солунски
2026-08-27T18:00:00+00:00,Благоевград,ЕКО,Бензин A100,1.83,Благоевград,бул. Свети Димитър Солунски
2026-08-27T18:00:00+00:00,Благоевград,ЕКО,Дизел премиум,2.09,Благоевград,бул. Свети Димитър Солунски
2026-08-27T18:00:00+00:00,София,ЕКО,Бензин A95,1.57,София,ул. Адам Мицкевич №1 (модерно предградие)
2026-08-27T18:00:00+00:00,София,ЕКО,Дизел,1.83,София,ул. Адам Мицкевич №1 (модерно предградие)
2026-08-27T18:00:00+00:00,София,ЕКО,Пропан Бутан,0.66,София,ул. Адам Мицкевич №1 (модерно предградие)
2026-08-27T18:00:00+00:00,София,ЕКО,Бензин A100,1.83,София,ул. Адам Мицкевич №1 (модерно предградие)
2026-08-27T18:00:00+00:00,София,ЕКО,Дизел премиум,2.09,София,ул. Адам Мицкевич №1 (модерно предградие)
2026-08-27T18:00:00+00:00,АМ Тракия,ЕКО,Бензин A95,1.61,,21ви км
2026-08-27T18:00:00+00:00,АМ Тракия,ЕКО,Дизел,1.86,,21ви км
2026-08-27T18:00:00+00:00,АМ Тракия,ЕКО,Пропан Бутан,0.66,,21ви км
2026-08-27T18:00:00+00:00,АМ Тракия,ЕКО,Бензин A100,1.87,,21ви км
2026-08-27T18:00:00+00:00,АМ Тракия,ЕКО,Дизел премиум,2.12,,21ви км
2026-08-27T18:00:00+00:00,София,ЕКО,Бензин A95,1.59,София,бул. Цар Борис III №362
2026-08-27T18:00:00+00:00,София,ЕКО,Дизел,1.85,София,бул. Цар Борис III №362
2026-08-27T18:00:00+00:00,София,ЕКО,Пропан Бутан,0.66,София,бул. Цар Борис III №362
2026-08-27T18:00:00+00:00,София,ЕКО,Бензин A100,1.85,София,бул. Цар Борис III №362
2026-08-27T18:00:00+00:00,София,ЕКО,Дизел премиум,2.11,София,бул. Цар Борис III №362
2026-08-27T18:00:00+00:00,Стара Загора,ЕКО,Бензин A95,1.59,Стара Загора,кв. Железник
2026-08-27T18:00:00+00:00,Стара Загора,ЕКО,Дизел,1.85,Стара Загора,кв. Железник
2026-08-27T18:00:00+00:00,Стара Загора,ЕКО,Пропан Бутан,0.66,Стара Загора,кв. Железник
2026-08-27T18:00:00+00:00,Стара Загора,ЕКО,Бензин A100,1.85,Стара Загора,кв. Железник
2026-08-27T18:00:00+00:00,Стара Загора,ЕКО,Дизел премиум,2.11,Стара Загора,кв. Железник
2026-08-27T18:00:00+00:00,Бургас,ЕКО,Бензин A95,1.59,Бургас,ул. Индустриална №33
2026-08-27T18:00:00+00:00,Бургас,ЕКО,Дизел,1.85,Бургас,ул. Индустриална №33
2026-08-27T18:00:00+00:00,Бургас,ЕКО,Пропан Бутан,0.66,Бургас,ул. Индустриална №33
2026-08-27T18:00:00+00:00,Бургас,ЕКО,Бензин A100,1.85,Бургас,ул. Индустриална №33
2026-08-27T18:00:00+00:00,Бургас,ЕКО,Дизел премиум,2.11,Бургас,ул. Индустриална №33
2026-08-27T18:00:00+00:00,Шумен,ЕКО,Бензин A95,1.59,Шумен,бул. Симеон Велики №16А
2026-08-27T18:00:00+00:00,Шумен,ЕКО,Дизел,1.85,Шумен,бул. Симеон Велики №16А
2026-08-27T18:00:00+00:00,Шумен,ЕКО,Пропан Бутан,0.66,Шумен,бул. Симеон Велики №16А
2026-08-27T18:00:00+00:00,Шумен,ЕКО,Бензин A100,1.85,Шумен,бул. Симеон Велики №16А
2026-08-27T18:00:00+00:00,Шумен,ЕКО,Дизел премиум,2.11,Шумен,бул. Симеон Велики №16А
2026-08-27T18:00:00+00:00,Сливен,ЕКО,Бензин A95,1.59,Сливен,бул. Братя Миладинови и бул. Цар Симеон
2026-08-27T18:00:00+00:00,Сливен,ЕКО,Дизел,1.85,Сливен,бул. Братя Миладинови и бул. Цар Симеон
2026-08-27T18:00:00+00:00,Сливен,ЕКО,Пропан Бутан,0.66,Сливен,бул. Братя Миладинови и бул. Цар Симеон
2026-08-27T18:00:00+00:00,Сливен,ЕКО,Бензин A100,1.85,Сливен,бул. Братя Миладинови и бул. Цар Симеон
2026-08-27T18:00:00+00:00,Сливен,ЕКО,Дизел премиум,2.11,Сливен,бул. Братя Миладинови и бул. Цар Симеон
2026-08-27T18:00:00+00:00,Враца,ЕКО,Бензин A95,1.59,Враца,ул. Мито Орозов №65
2026-08-27T18:00:00+00:00,Враца,ЕКО,Дизел,1.85,Враца,ул. Мито Орозов №65
2026-08-27T18:00:00+00:00,Враца,ЕКО,Пропан Бутан,0.66,Враца,ул. Мито Орозов №65
2026-08-27T18:00:00+00:00,Враца,ЕКО,Бензин A100,1.85,Враца,ул. Мито Орозов №65
2026-08-27T18:00:00+00:00,Враца,ЕКО,Дизел премиум,2.11,Враца,ул. Мито Орозов №65
2026-08-27T18:00:00+00:00,Кърджали,ЕКО,Бензин A95,1.59,Кърджали,бул. Хр. Ботев №1 (кв. Възрожденци)
2026-08-27T18:00:00+00:00,Кърджали,ЕКО,Дизел,1.85,Кърджали,бул. Хр. Ботев №1 (кв. Възрожденци)
2026-08-27T18:00:00+00:00,Кърджали,ЕКО,Пропан Бутан,0.66,Кърджали,бул. Хр. Ботев №1 (кв. Възрожденци)
2026-08-27T18:00:00+00:00,Кърджали,ЕКО,Бензин A100,1.85,Кърджали,бул. Хр. Ботев №1 (кв. Възрожденци)
2026-08-27T18:00:00+00:00,Кърджали,ЕКО,Дизел премиум,2.11,Кърджали,бул. Хр. Ботев №1 (кв. Възрожденци)
2026-08-27T18:00:00+00:00,Кърджали,ЕКО,Бензин A95,1.59,Кърджали,кв. Боровец - изход
2026-08-27T18:00:00+00:00,Кърджали,ЕКО,Дизел,1.85,Кърджали,кв. Боровец - изход
2026-08-27T18:00:00+00:00,Кърджали,ЕКО,Пропан Бутан,0.66,Кърджали,кв. Боровец - изход
2026-08-27T18:00:00+00:00,Кърджали,ЕКО,Бензин A100,1.85,Кърджали,кв. Боровец - изход
2026-08-27T18:00:00+00:00,Кърджали,ЕКО,Дизел премиум,2.11,Кърджали,кв. Боровец - изход
2026-08-27T18:00:00+00:00,София,ЕКО,Бензин A95,1.57,София,бул. Сливница №8А
2026-08-27T18:00:00+00:00,София,ЕКО,Дизел,1.83,София,бул. Сливница №8А
2026-08-27T18:00:00+00:00,София,ЕКО,Пропан Бутан,0.66,София,бул. Сливница №8А
2026-08-27T18:00:00+00:00,София,ЕКО,Бензин A100,1.83,София,бул. Сливница №8А
2026-08-27T18:00:00+00:00,София,ЕКО,Дизел премиум,2.09,София,бул. Сливница №8А
2026-08-27T18:00:00+00:00,Търговище,ЕКО,Бензин A95,1.59,Търговище,"Промишлена зона, околовръстен път"
2026-08-27T18:00:00+00:00,Търговище,ЕКО,Дизел,1.85,Търговище,"Промишлена зона, околовръстен път"
2026-08-27T18:00:00+00:00,Търговище,ЕКО,Пропан Бутан,0.66,Търговище,"Промишлена зона, околовръстен път"
2026-08-27T18:00:00+00:00,Търговище,ЕКО,Дизел премиум,2.11,Търговище,"Промишлена зона, околовръстен път"
2026-08-27T18:00:00+00:00,София,ЕКО,Бензин A95,1.6,София,бул. Александър Малинов №37
2026-08-27T18:00:00+00:00,София,ЕКО,Дизел,1.84,София,бул. Александър Малинов №37
2026-08-27T18:00:00+00:00,София,ЕКО,Пропан Бутан,0.66,София,бул. Александър Малинов №37
2026-08-27T18:00:00+00:00,София,ЕКО,Бензин A100,1.86,София,бул. Александър Малинов №37
2026-08-27T18:00:00+00:00,София,ЕКО,Дизел премиум,2.1,София,бул. Александър Малинов №37
2026-08-27T18:00:00+00:00,Ловеч,ЕКО,Бензин A95,1.59,Ловеч,ул. Княз Имеретински
2026-08-27T18:00:00+00:00,Ловеч,ЕКО,Дизел,1.85,Ловеч,ул. Княз Имеретински
2026-08-27T18:00:00+00:00,Ловеч,ЕКО,Пропан Бутан,0.66,Ловеч,ул. Княз Имеретински
2026-08-27T18:00:00+00:00,Ловеч,ЕКО,Бензин A100,1.85,Ловеч,ул. Княз Имеретински
2026-08-27T18:00:00+00:00,Ловеч,ЕКО,Дизел премиум,2.11,Ловеч,ул. Княз Имеретински
2026-08-27T18:00:00+00:00,Стара Загора,ЕКО,Бензин A95,1.6,Стара Загора,ул. Хан Аспарух
2026-08-27T18:00:00+00:00,Стара Загора,ЕКО,Дизел,1.85,Стара Загора,ул. Хан Аспарух
2026-08-27T18:00:00+00:00,Стара Загора,ЕКО,Пропан Бутан,0.66,Стара Загора,ул. Хан Аспарух
2026-08-27T18:00:00+00:00,Стара Загора,ЕКО,Бензин A100,1.86,Стара Загора,ул. Хан Аспарух
2026-08-27T18:00:00+00:00,Стара Загора,ЕКО,Дизел премиум,2.11,Стара Загора,ул. Хан Аспарух
2026-08-27T18:00:00+00:00,Дунавци,ЕКО,Бензин A95,1.59,Видин,"гл. път 6, разклона за Дунавци"
2026-08-27T18:00:00+00:00,Дунавци,ЕКО,Дизел,1.85,Видин,"гл. път 6, разклона за Дунавци"
2026-08-27T18:00:00+00:00,Дунавци,ЕКО,Пропан Бутан,0.66,Видин,"гл. път 6, разклона за Дунавци"
2026-08-27T18:00:00+00:00,Дунавци,ЕКО,Бензин A100,1.85,Видин,"гл. път 6, разклона за Дунавци"
2026-08-27T18:00:00+00:00,Дунавци,ЕКО,Дизел премиум,2.11,Видин,"гл. път 6, разклона за Дунавци"
2026-08-27T18:00:00+00:00,Пирдоп,ЕКО,Бензин A95,1.59,София област,"Гл. път I-6, км. 195+400"
2026-08-27T18:00:00+00:00,Пирдоп,ЕКО,Дизел,1.85,София област,"Гл. път I-6, км. 195+400"
2026-08-27T18:00:00+00:00,Пирдоп,ЕКО,Пропан Бутан,0.66,София област,"Гл. път I-6, км. 195+400"
2026-08-27T18:00:00+00:00,Пирдоп,ЕКО,Бензин A100,1.85,София област,"Гл. път I-6, км. 195+400"
2026-08-27T18:00:00+00:00,Пирдоп,ЕКО,Дизел премиум,2.11,София област,"Гл. път I-6, км. 195+400"
2026-08-27T18:00:00+00:00,Ботевград,ЕКО,Бензин A95,1.59,София област,бул. Цар Освободител №32А
2026-08-27T18:00:00+00:00,Ботевград,ЕКО,Дизел,1.85,София област,бул. Цар Освободител №32А
2026-08-27T18:00:00+00:00,Ботевград,ЕКО,Пропан Бутан,0.66,София област,бул. Цар Освободител №32А
2026-08-27T18:00:00+00:00,Ботевград,ЕКО,Бензин A100,1.85,София област,бул. Цар Освободител №32А
2026-08-27T18:00:00+00:00,Ботевград,ЕКО,Дизел премиум,2.11,София област,бул. Цар Освободител №32А
2026-08-27T18:00:00+00:00,Варна,ЕКО,Бензин A95,1.59,Варна,бул. Цар Освободител №122
2026-08-27T18:00:00+00:00,Варна,ЕКО,Дизел,1.85,Варна,бул. Цар Освободител №122
2026-08-27T18:00:00+00:00,Варна,ЕКО,Пропан Бутан,0.66,Варна,бул. Цар Освободител №122
2026-08-27T18:00:00+00:00,Варна,ЕКО,Бензин A100,1.85,Варна,бул. Цар Освободител №122
2026-08-27T18:00:00+00:00,Варна,ЕКО,Дизел премиум,2.11,Варна,бул. Цар Освободител №122
2026-08-27T18:00:00+00:00,Ямбол,ЕКО,Бензин A95,1.57,Ямбол,бул. Европа №10
2026-08-27T18:00:00+00:00,Ямбол,ЕКО,Дизел,1.83,Ямбол,бул. Европа №10
2026-08-27T18:00:00+00:00,Ямбол,ЕКО,Пропан Бутан,0.65,Ямбол,бул. Европа №10
2026-08-27T18:00:00+00:00,Ямбол,ЕКО,Дизел премиум,2.09,Ямбол,бул. Европа №10
2026-08-27T18:00:00+00:00,Смолян,ЕКО,Бензин A95,1.57,Смолян,ул. Наталия
2026-08-27T18:00:00+00:00,Смолян,ЕКО,Дизел,1.83,Смолян,ул. Наталия
2026-08-27T18:00:00+00:00,Смолян,ЕКО,Пропан Бутан,0.66,Смолян,ул. Наталия
2026-08-27T18:00:00+00:00,Смолян,ЕКО,Бензин A100,1.83,Смолян,ул. Наталия
2026-08-27T18:00:00+00:00,Смолян,ЕКО,Дизел премиум,2.09,Смолян,ул. Наталия
2026-08-27T18:00:00+00:00,Разград,ЕКО,Бензин A95,1.59,Разград,ул. Перистър №6Б
2026-08-27T18:00:00+00:00,Разград,ЕКО,Дизел,1.85,Разград,ул. Перистър №6Б
2026-08-27T18:00:00+00:00,Разград,ЕКО,Бензин A100,1.85,Разград,ул. Перистър №6Б
2026-08-27T18:00:00+00:00,Разград,ЕКО,Дизел премиум,2.11,Разград,ул. Перистър №6Б
2026-08-27T18:00:00+00:00,Велинград,ЕКО,Бензин A95,1.59,Пазарджик,ул. Индустриална №74
2026-08-27T18:00:00+00:00,Велинград,ЕКО,Дизел,1.85,Пазарджик,ул. Индустриална №74
2026-08-27T18:00:00+00:00,Велинград,ЕКО,Пропан Бутан,0.66,Пазарджик,ул. Индустриална №74
2026-08-27T18:00:00+00:00,Велинград,ЕКО,Бензин A100,1.85,Пазарджик,ул. Индустриална №74
2026-08-27T18:00:00+00:00,Велинград,ЕКО,Дизел премиум,2.11,Пазарджик,ул. Индустриална №74
2026-08-27T18:00:00+00:00,Казанлък,ЕКО,Бензин A95,1.59,Стара Загора,ул. Бачо Киро
2026-08-27T18:00:00+00:00,Казанлък,ЕКО,Дизел,1.85,Стара Загора,ул. Бачо Киро
2026-08-27T18:00:00+00:00,Казанлък,ЕКО,Пропан Бутан,0.66,Стара Загора,ул. Бачо Киро
2026-08-27T18:00:00+00:00,Казанлък,ЕКО,Бензин A100,1.85,Стара Загора,ул. Бачо Киро
2026-08-27T18:00:00+00:00,Казанлък,ЕКО,Дизел премиум,2.11,Стара Загора,ул. Бачо Киро
2026-08-27T18:00:00+00:00,Пазарджик,ЕКО,Бензин A95,1.59,Пазарджик,ул. Царица Йоана №2А
2026-08-27T18:00:00+00:00,Пазарджик,ЕКО,Дизел,1.85,Пазарджик,ул. Царица Йоана №2А
2026-08-27T18:00:00+00:00,Пазарджик,ЕКО,Пропан Бутан,0.66,Пазарджик,ул. Царица Йоана №2А
2026-08-27T18:00:00+00:00,Пазарджик,ЕКО,Бензин A100,1.85,Пазарджик,ул. Царица Йоана №2А
2026-08-27T18:00:00+00:00,Пазарджик,ЕКО,Дизел премиум,2.11,Пазарджик,ул. Царица Йоана №2А
2026-08-27T18:00:00+00:00,София,ЕКО,Бензин A95,1.57,София,бул. Асен Йорданов №4
2026-08-27T18:00:00+00:00,София,ЕКО,Дизел,1.83,София,бул. Асен Йорданов №4
2026-08-27T18:00:00+00:00,София,ЕКО,Пропан Бутан,0.66,София,бул. Асен Йорданов №4
2026-08-27T18:00:00+00:00,София,ЕКО,Бензин A100,1.83,София,бул. Асен Йорданов №4
2026-08-27T18:00:00+00:00,София,ЕКО,Дизел премиум,2.09,София,бул. Асен Йорданов №4
2026-08-27T16:12:00+00:00,София,Lukoil,Бензин A95,1.58,София,бул. Г. М. Димитров (до Зоопарка)
2026-08-27T16:12:00+00:00,София,Lukoil,Дизел,1.83,София,бул. Г. М. Димитров (до Зоопарка)
2026-08-27T16:12:00+00:00,София,Lukoil,Пропан Бутан,0.65,София,бул. Г. М. Димитров (до Зоопарка)
2026-08-27T16:12:00+00:00,София,Lukoil,Бензин A100,1.76,София,бул. Г. М. Димитров (до Зоопарка)
2026-08-27T13:32:00+00:00,София,InterSpeed Люлин,Бензин A95,1.56,София,ул. Ген. Асен Николов №21
2026-08-27T13:32:00+00:00,София,InterSpeed Люлин,Пропан Бутан,0.62,София,ул. Ген. Асен Николов №21
2026-08-27T13:17:00+00:00,София,Insa Oil,Бензин A95,1.51,София,ул. Самоковско шосе №1Ж
2026-08-27T13:17:00+00:00,София,Insa Oil,Дизел премиум,1.75,София,ул. Самоковско шосе №1Ж
2026-08-27T13:17:00+00:00,София,Insa Oil,Пропан Бутан,0.66,София,ул. Самоковско шосе №1Ж
2026-08-27T13:17:00+00:00,София,Insa Oil,Бензин A100,1.75,София,ул. Самоковско шосе №1Ж
2026-08-27T13:17:00+00:00,София,Insa Oil,Дизел,1.92,София,ул. Самоковско шосе №1Ж
2026-08-27T12:40:00+00:00,Долни Дъбник,Метанстанция Таси,Метан,1.29,,На околовръстния път
2026-08-27T12:39:00+00:00,Плевен,Метанстанция Largo,Метан,1.75,Плевен,Зад Метро
2026-08-27T12:18:00+00:00,Габрово,НЕСИ ОЙЛ,Бензин A95,1.51,Габрово,ул. Стефан Караджа №101
2026-08-27T12:18:00+00:00,Габрово,НЕСИ ОЙЛ,Дизел,1.77,Габрово,ул. Стефан Караджа №101
2026-08-27T12:18:00+00:00,Габрово,НЕСИ ОЙЛ,Пропан Бутан,0.62,Габрово,ул. Стефан Караджа №101
2026-08-27T11:41:00+00:00,София,Insa Oil,Бензин A95,1.51,София,бул. Професор Цветан Лазаров №85
2026-08-27T11:41:00+00:00,София,Insa Oil,Дизел премиум,1.75,София,бул. Професор Цветан Лазаров №85
2026-08-27T11:41:00+00:00,София,Insa Oil,Пропан Бутан,0.66,София,бул. Професор Цветан Лазаров №85
2026-08-27T11:41:00+00:00,София,Insa Oil,Бензин A100,1.75,София,бул. Професор Цветан Лазаров №85
2026-08-27T11:41:00+00:00,София,Insa Oil,Дизел,1.92,София,бул. Професор Цветан Лазаров №85
2026-08-27T11:27:00+00:00,Варна,Insa Oil,Бензин A95,1.51,Варна,бул. Сливница №168
2026-08-27T11:27:00+00:00,Варна,Insa Oil,Дизел премиум,1.75,Варна,бул. Сливница №168
2026-08-27T11:27:00+00:00,Варна,Insa Oil,Пропан Бутан,0.66,Варна,бул. Сливница №168
2026-08-27T11:27:00+00:00,Варна,Insa Oil,Бензин A100,1.75,Варна,бул. Сливница №168
2026-08-27T11:27:00+00:00,Варна,Insa Oil,Дизел,1.92,Варна,бул. Сливница №168
2026-08-27T11:14:00+00:00,София,Insa Oil,Бензин A95,1.53,София,бул. Цариградско шосе №62
2026-08-27T11:14:00+00:00,София,Insa Oil,Дизел премиум,1.77,София,бул. Цариградско шосе №62
2026-08-27T11:14:00+00:00,София,Insa Oil,Пропан Бутан,0.66,София,бул. Цариградско шосе №62
2026-08-27T11:14:00+00:00,София,Insa Oil,Бензин A100,1.75,София,бул. Цариградско шосе №62
2026-08-27T11:14:00+00:00,София,Insa Oil,Дизел,1.95,София,бул. Цариградско шосе №62
2026-08-27T11:11:00+00:00,Пловдив,Insa Oil,Бензин A95,1.51,Пловдив,бул. Санкт Петербург №53
2026-08-27T11:11:00+00:00,Пловдив,Insa Oil,Дизел премиум,1.75,Пловдив,бул. Санкт Петербург №53
2026-08-27T11:11:00+00:00,Пловдив,Insa Oil,Пропан Бутан,0.66,Пловдив,бул. Санкт Петербург №53
2026-08-27T11:11:00+00:00,Пловдив,Insa Oil,Метан,1.33,Пловдив,бул. Санкт Петербург №53
2026-08-27T11:11:00+00:00,Пловдив,Insa Oil,Бензин A100,1.75,Пловдив,бул. Санкт Петербург №53
2026-08-27T11:11:00+00:00,Пловдив,Insa Oil,Дизел,1.92,Пловдив,бул. Санкт Петербург №53
2026-08-27T11:10:00+00:00,Стряма,Insa Oil,Бензин A95,1.51,,местност Перселик
2026-08-27T11:10:00+00:00,Стряма,Insa Oil,Дизел премиум,1.75,,местност Перселик
2026-08-27T11:10:00+00:00,Стряма,Insa Oil,Пропан Бутан,0.66,,местност Перселик
2026-08-27T11:10:00+00:00,Стряма,Insa Oil,Бензин A100,1.75,,местност Перселик
2026-08-27T11:10:00+00:00,Стряма,Insa Oil,Дизел,1.91,,местност Перселик
2026-08-27T08:54:00+00:00,Ямбол,IM Petrolium,Бензин A95,1.5,Ямбол,ул. Ямболен №2
2026-08-27T07:56:00+00:00,Варна,Lukoil,Бензин A95,1.54,Варна,"кв. Вл. Варненчик, Ялови ниви"
2026-08-27T07:56:00+00:00,Варна,Lukoil,Дизел,1.84,Варна,"кв. Вл. Варненчик, Ялови ниви"
2026-08-27T07:56:00+00:00,Варна,Lukoil,Пропан Бутан,0.64,Варна,"кв. Вл. Варненчик, Ялови ниви"
2026-08-27T07:56:00+00:00,Варна,Lukoil,Бензин A100,1.72,Варна,"кв. Вл. Варненчик, Ялови ниви"
2026-08-27T07:56:00+00:00,Варна,Lukoil,Бензин A95,1.54,Варна,Западна промишлена зона
2026-08-27T07:56:00+00:00,Варна,Lukoil,Дизел,1.83,Варна,Западна промишлена зона
2026-08-27T07:56:00+00:00,Варна,Lukoil,Пропан Бутан,0.65,Варна,Западна промишлена зона
2026-08-27T07:56:00+00:00,Варна,Lukoil,Бензин A100,1.72,Варна,Западна промишлена зона
2026-08-27T07:20:00+00:00,Радомир,Lukoil,Бензин A95,1.57,Перник,ул. Райко Даскалов
2026-08-27T07:20:00+00:00,Радомир,Lukoil,Дизел,1.83,Перник,ул. Райко Даскалов
2026-08-27T07:20:00+00:00,Радомир,Lukoil,Пропан Бутан,0.65,Перник,ул. Райко Даскалов
2026-08-27T07:20:00+00:00,Радомир,Lukoil,Бензин A100,1.75,Перник,ул. Райко Даскалов
2026-08-27T05:27:00+00:00,Пловдив,OMV,Бензин A95,1.61,Пловдив,ул. Кукленско шосе №3 Б
2026-08-27T05:27:00+00:00,Пловдив,OMV,Дизел,1.85,Пловдив,ул. Кукленско шосе №3 Б
2026-08-27T05:27:00+00:00,Пловдив,OMV,Пропан Бутан,0.64,Пловдив,ул. Кукленско шосе №3 Б
2026-08-27T05:27:00+00:00,Пловдив,OMV,Бензин A95,1.76,Пловдив,ул. Кукленско шосе №3 Б
2026-08-27T05:27:00+00:00,Пловдив,OMV,Бензин A100,1.87,Пловдив,ул. Кукленско шосе №3 Б
2026-08-27T05:27:00+00:00,Пловдив,OMV,Дизел премиум,2.11,Пловдив,ул. Кукленско шосе №3 Б
2026-08-27T05:25:00+00:00,Пловдив,Rompetrol,Бензин A95,1.58,Пловдив,ул. Кукленско шосе №13А
2026-08-27T05:25:00+00:00,Пловдив,Rompetrol,Дизел,1.85,Пловдив,ул. Кукленско шосе №13А
2026-08-27T05:25:00+00:00,Пловдив,Rompetrol,Пропан Бутан,0.65,Пловдив,ул. Кукленско шосе №13А
2026-08-27T05:25:00+00:00,Пловдив,Rompetrol,Бензин A100,1.73,Пловдив,ул. Кукленско шосе №13А
2026-08-27T05:25:00+00:00,Пловдив,Rompetrol,Дизел,2.03,Пловдив,ул. Кукленско шосе №13А
2026-08-27T05:24:00+00:00,Пловдив,Global Commerce Кукленско шосе,Бензин A95,1.57,Пловдив,ул. Кукленско шосе №6
2026-08-27T05:24:00+00:00,Пловдив,Global Commerce Кукленско шосе,Дизел,1.82,Пловдив,ул. Кукленско шосе №6
2026-08-27T05:24:00+00:00,Пловдив,Global Commerce Кукленско шосе,Пропан Бутан,0.66,Пловдив,ул. Кукленско шосе №6
2026-08-27T05:24:00+00:00,Пловдив,Global Commerce Кукленско шосе,Метан,1.38,Пловдив,ул. Кукленско шосе №6
2026-08-27T05:17:00+00:00,Пловдив,Max Oil,Бензин A95,1.48,Пловдив,бул. Източен №80
2026-08-27T05:17:00+00:00,Пловдив,Max Oil,Дизел,1.73,Пловдив,бул. Източен №80
2026-08-27T05:14:00+00:00,Пловдив,Lukoil,Бензин A95,1.57,Пловдив,бул. Шести септември №242
2026-08-27T05:14:00+00:00,Пловдив,Lukoil,Дизел,1.83,Пловдив,бул. Шести септември №242
2026-08-27T05:14:00+00:00,Пловдив,Lukoil,Пропан Бутан,0.65,Пловдив,бул. Шести септември №242
2026-08-27T05:14:00+00:00,Пловдив,Lukoil,Бензин A95,1.7,Пловдив,бул. Шести септември №242
2026-08-27T05:14:00+00:00,Пловдив,Lukoil,Бензин A100,1.76,Пловдив,бул. Шести септември №242
2026-08-27T05:14:00+00:00,Пловдив,Lukoil,Дизел премиум,2.01,Пловдив,бул. Шести септември №242
2026-08-27T05:11:00+00:00,Пловдив,Shell,Бензин A95,1.6,Пловдив,бул. 6-ти Септември (бул. Източен)
2026-08-27T05:11:00+00:00,Пловдив,Shell,Дизел,1.84,Пловдив,бул. 6-ти Септември (бул. Източен)
2026-08-27T05:11:00+00:00,Пловдив,Shell,Пропан Бутан,0.67,Пловдив,бул. 6-ти Септември (бул. Източен)
2026-08-27T05:11:00+00:00,Пловдив,Shell,Бензин A95,1.76,Пловдив,бул. 6-ти Септември (бул. Източен)
2026-08-27T05:11:00+00:00,Пловдив,Shell,Дизел премиум,2.1,Пловдив,бул. 6-ти Септември (бул. Източен)
2026-08-27T04:18:00+00:00,София,OMV,Бензин A95,1.61,София,бул. Доктор Г. М. Димитров
2026-08-27T04:18:00+00:00,София,OMV,Дизел,1.85,София,бул. Доктор Г. М. Димитров
2026-08-27T04:18:00+00:00,София,OMV,Бензин A95,1.76,София,бул. Доктор Г. М. Димитров
2026-08-27T04:18:00+00:00,София,OMV,Бензин A100,1.87,София,бул. Доктор Г. М. Димитров
2026-08-26T18:48:00+00:00,София,InterSpeed Театър,Бензин A95,1.56,София,ул. Силистра №8
2026-08-26T18:48:00+00:00,София,InterSpeed Театър,Бензин A100,1.73,София,ул. Силистра №8
2026-08-26T18:12:00+00:00,Лясковец,Dimago,Дизел,1.75,Велико Търново,ул. Стефан Калинов №11
2026-08-26T18:00:00+00:00,София,ЕКО,Бензин A95,1.61,София,бул. Никола Вапцаров №2А
2026-08-26T18:00:00+00:00,София,ЕКО,Дизел,1.86,София,бул. Никола Вапцаров №2А
2026-08-26T18:00:00+00:00,София,ЕКО,Пропан Бутан,0.66,София,бул. Никола Вапцаров №2А
2026-08-26T18:00:00+00:00,София,ЕКО,Бензин A100,1.87,София,бул. Никола Вапцаров №2А
2026-08-26T18:00:00+00:00,София,ЕКО,Дизел премиум,2.12,София,бул. Никола Вапцаров №2А
2026-08-26T18:00:00+00:00,Димитровград,ЕКО,Бензин A95,1.59,Хасково,бул. Димитър Благоев (до ЖП гарата)
2026-08-26T18:00:00+00:00,Димитровград,ЕКО,Дизел,1.85,Хасково,бул. Димитър Благоев (до ЖП гарата)
2026-08-26T18:00:00+00:00,Димитровград,ЕКО,Пропан Бутан,0.66,Хасково,бул. Димитър Благоев (до ЖП гарата)
2026-08-26T18:00:00+00:00,Димитровград,ЕКО,Бензин A100,1.85,Хасково,бул. Димитър Благоев (до ЖП гарата)
2026-08-26T18:00:00+00:00,Димитровград,ЕКО,Дизел премиум,2.11,Хасково,бул. Димитър Благоев (до ЖП гарата)
2026-08-26T18:00:00+00:00,София,ЕКО,Бензин A95,1.61,София,ул. Околовръстен път (Царско село)
2026-08-26T18:00:00+00:00,София,ЕКО,Дизел,1.86,София,ул. Околовръстен път (Царско село)
2026-08-26T18:00:00+00:00,София,ЕКО,Пропан Бутан,0.66,София,ул. Околовръстен път (Царско село)
2026-08-26T18:00:00+00:00,София,ЕКО,Бензин A100,1.87,София,ул. Околовръстен път (Царско село)
2026-08-26T18:00:00+00:00,София,ЕКО,Дизел премиум,2.12,София,ул. Околовръстен път (Царско село)
2026-08-26T18:00:00+00:00,АМ Тракия,ЕКО,Бензин A95,1.62,,км 119 (посока Бургас-София)
2026-08-26T18:00:00+00:00,АМ Тракия,ЕКО,Дизел,1.87,,км 119 (посока Бургас-София)
2026-08-26T18:00:00+00:00,АМ Тракия,ЕКО,Пропан Бутан,0.66,,км 119 (посока Бургас-София)
2026-08-26T18:00:00+00:00,АМ Тракия,ЕКО,Бензин A100,1.88,,км 119 (посока Бургас-София)
2026-08-26T18:00:00+00:00,АМ Тракия,ЕКО,Дизел премиум,2.13,,км 119 (посока Бургас-София)
2026-08-26T18:00:00+00:00,АМ Струма,ЕКО,Бензин A95,1.62,,Чучулигово
2026-08-26T18:00:00+00:00,АМ Струма,ЕКО,Дизел,1.87,,Чучулигово
2026-08-26T18:00:00+00:00,АМ Струма,ЕКО,Пропан Бутан,0.66,,Чучулигово
2026-08-26T18:00:00+00:00,АМ Струма,ЕКО,Бензин A100,1.88,,Чучулигово
2026-08-26T18:00:00+00:00,АМ Струма,ЕКО,Дизел премиум,2.13,,Чучулигово
2026-08-26T18:00:00+00:00,Гоце Делчев,ЕКО,Бензин A95,1.59,Благоевград,УПИ VII - 4231 от кв. 188
2026-08-26T18:00:00+00:00,Гоце Делчев,ЕКО,Дизел,1.85,Благоевград,УПИ VII - 4231 от кв. 188
2026-08-26T18:00:00+00:00,Гоце Делчев,ЕКО,Пропан Бутан,0.66,Благоевград,УПИ VII - 4231 от кв. 188
2026-08-26T18:00:00+00:00,Гоце Делчев,ЕКО,Бензин A100,1.85,Благоевград,УПИ VII - 4231 от кв. 188
2026-08-26T18:00:00+00:00,Гоце Делчев,ЕКО,Дизел премиум,2.11,Благоевград,УПИ VII - 4231 от кв. 188
2026-08-26T18:00:00+00:00,София,ЕКО,Бензин A95,1.59,София,бул. Ломско шосе №136
2026-08-26T18:00:00+00:00,София,ЕКО,Дизел,1.85,София,бул. Ломско шосе №136
2026-08-26T18:00:00+00:00,София,ЕКО,Пропан Бутан,0.66,София,бул. Ломско шосе №136
2026-08-26T18:00:00+00:00,София,ЕКО,Бензин A100,1.85,София,бул. Ломско шосе №136
2026-08-26T18:00:00+00:00,София,ЕКО,Дизел премиум,2.11,София,бул. Ломско шосе №136
2026-08-26T18:00:00+00:00,Дупница,ЕКО,Бензин A95,1.59,Кюстендил,ул. Софийско шосе №1
2026-08-26T18:00:00+00:00,Дупница,ЕКО,Дизел,1.85,Кюстендил,ул. Софийско шосе №1
2026-08-26T18:00:00+00:00,Дупница,ЕКО,Пропан Бутан,0.66,Кюстендил,ул. Софийско шосе №1
2026-08-26T18:00:00+00:00,Дупница,ЕКО,Бензин A100,1.85,Кюстендил,ул. Софийско шосе №1
2026-08-26T18:00:00+00:00,Дупница,ЕКО,Дизел премиум,2.11,Кюстендил,ул. Софийско шосе №1
2026-08-26T18:00:00+00:00,София,ЕКО,Бензин A95,1.6,София,бул. Никола Петков
2026-08-26T18:00:00+00:00,София,ЕКО,Дизел,1.86,София,бул. Никола Петков
2026-08-26T18:00:00+00:00,София,ЕКО,Пропан Бутан,0.66,София,бул. Никола Петков
2026-08-26T18:00:00+00:00,София,ЕКО,Бензин A100,1.86,София,бул. Никола Петков
2026-08-26T18:00:00+00:00,София,ЕКО,Дизел премиум,2.12,София,бул. Никола Петков
2026-08-26T18:00:00+00:00,София,ЕКО,Бензин A95,1.59,София,бул. Владимир Вазов №26 (при ул. Велека)
2026-08-26T18:00:00+00:00,София,ЕКО,Дизел,1.85,София,бул. Владимир Вазов №26 (при ул. Велека)
2026-08-26T18:00:00+00:00,София,ЕКО,Пропан Бутан,0.66,София,бул. Владимир Вазов №26 (при ул. Велека)
2026-08-26T18:00:00+00:00,София,ЕКО,Бензин A100,1.85,София,бул. Владимир Вазов №26 (при ул. Велека)
2026-08-26T18:00:00+00:00,София,ЕКО,Дизел премиум,2.11,София,бул. Владимир Вазов №26 (при ул. Велека)
2026-08-26T18:00:00+00:00,Пловдив,ЕКО,Бензин A95,1.59,Пловдив,бул. Васил Априлов №156Б
2026-08-26T18:00:00+00:00,Пловдив,ЕКО,Дизел,1.85,Пловдив,бул. Васил Априлов №156Б
2026-08-26T18:00:00+00:00,Пловдив,ЕКО,Пропан Бутан,0.66,Пловдив,бул. Васил Априлов №156Б
2026-08-26T18:00:00+00:00,Пловдив,ЕКО,Бензин A100,1.85,Пловдив,бул. Васил Априлов №156Б
2026-08-26T18:00:00+00:00,Пловдив,ЕКО,Дизел премиум,2.11,Пловдив,бул. Васил Априлов №156Б
2026-08-26T18:00:00+00:00,София,ЕКО,Бензин A95,1.59,София,ул. Сребърна
2026-08-26T18:00:00+00:00,София,ЕКО,Дизел,1.84,София,ул. Сребърна
2026-08-26T18:00:00+00:00,София,ЕКО,Дизел премиум,2.1,София,ул. Сребърна
2026-08-26T18:00:00+00:00,Плевен,ЕКО,Бензин A95,1.59,Плевен,бул. Христо Ботев
2026-08-26T18:00:00+00:00,Плевен,ЕКО,Дизел,1.85,Плевен,бул. Христо Ботев
2026-08-26T18:00:00+00:00,Плевен,ЕКО,Пропан Бутан,0.66,Плевен,бул. Христо Ботев
2026-08-26T18:00:00+00:00,Плевен,ЕКО,Бензин A100,1.85,Плевен,бул. Христо Ботев
2026-08-26T18:00:00+00:00,Плевен,ЕКО,Дизел премиум,2.11,Плевен,бул. Христо Ботев
2026-08-26T18:00:00+00:00,София,ЕКО,Бензин A95,1.6,София,бул. Цариградско шосе (кръговото на 4-и км)
2026-08-26T18:00:00+00:00,София,ЕКО,Дизел,1.85,София,бул. Цариградско шосе (кръговото на 4-и км)
2026-08-26T18:00:00+00:00,София,ЕКО,Пропан Бутан,0.66,София,бул. Цариградско шосе (кръговото на 4-и км)
2026-08-26T18:00:00+00:00,София,ЕКО,Бензин A100,1.86,София,бул. Цариградско шосе (кръговото на 4-и км)
2026-08-26T18:00:00+00:00,София,ЕКО,Дизел премиум,2.11,София,бул. Цариградско шосе (кръговото на 4-и км)
2026-08-26T18:00:00+00:00,Кресна,ЕКО,Бензин A95,1.62,Благоевград,"път Е-79, посока София - Кулата"
2026-08-26T18:00:00+00:00,Кресна,ЕКО,Дизел,1.87,Благоевград,"път Е-79, посока София - Кулата"
2026-08-26T18:00:00+00:00,Кресна,ЕКО,Пропан Бутан,0.66,Благоевград,"път Е-79, посока София - Кулата"
2026-08-26T18:00:00+00:00,Кресна,ЕКО,Бензин A100,1.88,Благоевград,"път Е-79, посока София - Кулата"
2026-08-26T18:00:00+00:00,Кресна,ЕКО,Дизел премиум,2.13,Благоевград,"път Е-79, посока София - Кулата"
2026-08-26T18:00:00+00:00,Бургас,ЕКО,Бензин A95,1.59,Бургас,Индустриална зона (вход Созопол)
2026-08-26T18:00:00+00:00,Бургас,ЕКО,Дизел,1.85,Бургас,Индустриална зона (вход Созопол)
2026-08-26T18:00:00+00:00,Бургас,ЕКО,Пропан Бутан,0.66,Бургас,Индустриална зона (вход Созопол)
2026-08-26T18:00:00+00:00,Бургас,ЕКО,Бензин A100,1.85,Бургас,Индустриална зона (вход Созопол)
2026-08-26T18:00:00+00:00,Бургас,ЕКО,Дизел премиум,2.11,Бургас,Индустриална зона (вход Созопол)
2026-08-26T18:00:00+00:00,Чепинци,ЕКО,Бензин A95,1.59,,"София, Околовръстен път"
2026-08-26T18:00:00+00:00,Чепинци,ЕКО,Дизел,1.85,,"София, Околовръстен път"
2026-08-26T18:00:00+00:00,Чепинци,ЕКО,Пропан Бутан,0.66,,"София, Околовръстен път"
2026-08-26T18:00:00+00:00,Чепинци,ЕКО,Бензин A100,1.85,,"София, Околовръстен път"
2026-08-26T18:00:00+00:00,Чепинци,ЕКО,Дизел премиум,2.11,,"София, Околовръстен път"
2026-08-26T18:00:00+00:00,София,ЕКО,Бензин A95,1.61,София,"кв. Лозенец, бул. Черни връх (преди Околовръстен път)"
2026-08-26T18:00:00+00:00,София,ЕКО,Дизел,1.86,София,"кв. Лозенец, бул. Черни връх (преди Околовръстен път)"
2026-08-26T18:00:00+00:00,София,ЕКО,Пропан Бутан,0.66,София,"кв. Лозенец, бул. Черни връх (преди Околовръстен път)"
2026-08-26T18:00:00+00:00,София,ЕКО,Бензин A100,1.87,София,"кв. Лозенец, бул. Черни връх (преди Околовръстен път)"
2026-08-26T18:00:00+00:00,София,ЕКО,Дизел премиум,2.12,София,"кв. Лозенец, бул. Черни връх (преди Околовръстен път)"
2026-08-26T18:00:00+00:00,София,ЕКО,Бензин A95,1.61,София,бул. България и ул. Д-р Стефан Сарафов
2026-08-26T18:00:00+00:00,София,ЕКО,Дизел,1.86,София,бул. България и ул. Д-р Стефан Сарафов
2026-08-26T18:00:00+00:00,София,ЕКО,Пропан Бутан,0.66,София,бул. България и ул. Д-р Стефан Сарафов
2026-08-26T18:00:00+00:00,София,ЕКО,Бензин A100,1.87,София,бул. България и ул. Д-р Стефан Сарафов
2026-08-26T18:00:00+00:00,София,ЕКО,Дизел премиум,2.12,София,бул. България и ул. Д-р Стефан Сарафов
2026-08-26T18:00:00+00:00,Пловдив,ЕКО,Бензин A95,1.59,Пловдив,ул. Сергей Румянцев №8
2026-08-26T18:00:00+00:00,Пловдив,ЕКО,Дизел,1.85,Пловдив,ул. Сергей Румянцев №8
2026-08-26T18:00:00+00:00,Пловдив,ЕКО,Пропан Бутан,0.66,Пловдив,ул. Сергей Румянцев №8
2026-08-26T18:00:00+00:00,Пловдив,ЕКО,Бензин A100,1.85,Пловдив,ул. Сергей Румянцев №8
2026-08-26T18:00:00+00:00,Пловдив,ЕКО,Дизел премиум,2.11,Пловдив,ул. Сергей Румянцев №8
2026-08-26T18:00:00+00:00,Пловдив,ЕКО,Бензин A95,1.59,Пловдив,бул. Ал. Стамболийски и ул. Д. Талев
2026-08-26T18:00:00+00:00,Пловдив,ЕКО,Дизел,1.85,Пловдив,бул. Ал. Стамболийски и ул. Д. Талев
2026-08-26T18:00:00+00:00,Пловдив,ЕКО,Пропан Бутан,0.66,Пловдив,бул. Ал. Стамболийски и ул. Д. Талев
2026-08-26T18:00:00+00:00,Пловдив,ЕКО,Бензин A100,1.85,Пловдив,бул. Ал. Стамболийски и ул. Д. Талев
2026-08-26T18:00:00+00:00,Пловдив,ЕКО,Дизел премиум,2.11,Пловдив,бул. Ал. Стамболийски и ул. Д. Талев
2026-08-26T18:00:00+00:00,София,ЕКО,Бензин A95,1.59,София,ул. Каменоделска
2026-08-26T18:00:00+00:00,София,ЕКО,Дизел,1.85,София,ул. Каменоделска
2026-08-26T18:00:00+00:00,София,ЕКО,Пропан Бутан,0.66,София,ул. Каменоделска
2026-08-26T18:00:00+00:00,София,ЕКО,Бензин A100,1.85,София,ул. Каменоделска
2026-08-26T18:00:00+00:00,София,ЕКО,Дизел премиум,2.11,София,ул. Каменоделска
2026-08-26T18:00:00+00:00,София,ЕКО,Бензин A95,1.61,София,ул. Околовръстен път
2026-08-26T18:00:00+00:00,София,ЕКО,Дизел,1.86,София,ул. Околовръстен път
2026-08-26T18:00:00+00:00,София,ЕКО,Пропан Бутан,0.66,София,ул. Околовръстен път
2026-08-26T18:00:00+00:00,София,ЕКО,Бензин A100,1.87,София,ул. Околовръстен път
2026-08-26T18:00:00+00:00,София,ЕКО,Дизел премиум,2.12,София,ул. Околовръстен път
2026-08-26T18:00:00+00:00,София,ЕКО,Бензин A95,1.59,София,ул. Резбарска и ул. Никола Войновски
2026-08-26T18:00:00+00:00,София,ЕКО,Дизел,1.85,София,ул. Резбарска и ул. Никола Войновски
2026-08-26T18:00:00+00:00,София,ЕКО,Пропан Бутан,0.66,София,ул. Резбарска и ул. Никола Войновски
2026-08-26T18:00:00+00:00,София,ЕКО,Бензин A100,1.85,София,ул. Резбарска и ул. Никола Войновски
2026-08-26T18:00:00+00:00,София,ЕКО,Дизел премиум,2.11,София,ул. Резбарска и ул. Никола Войновски
2026-08-26T18:00:00+00:00,АМ Тракия,ЕКО,Бензин A95,1.62,,122-ри km. (посока София-Бургас)
2026-08-26T18:00:00+00:00,АМ Тракия,ЕКО,Дизел,1.87,,122-ри km. (посока София-Бургас)
2026-08-26T18:00:00+00:00,АМ Тракия,ЕКО,Пропан Бутан,0.66,,122-ри km. (посока София-Бургас)
2026-08-26T18:00:00+00:00,АМ Тракия,ЕКО,Бензин A100,1.88,,122-ри km. (посока София-Бургас)
2026-08-26T18:00:00+00:00,АМ Тракия,ЕКО,Дизел премиум,2.13,,122-ри km. (посока София-Бургас)
2026-08-26T18:00:00+00:00,АМ Тракия,ЕКО,Бензин A95,1.62,,km 243 (посока Бургас)
2026-08-26T18:00:00+00:00,АМ Тракия,ЕКО,Дизел,1.87,,km 243 (посока Бургас)
2026-08-26T18:00:00+00:00,АМ Тракия,ЕКО,Пропан Бутан,0.66,,km 243 (посока Бургас)
2026-08-26T18:00:00+00:00,АМ Тракия,ЕКО,Бензин A100,1.88,,km 243 (посока Бургас)
2026-08-26T18:00:00+00:00,АМ Тракия,ЕКО,Дизел премиум,2.13,,km 243 (посока Бургас)
2026-08-26T18:00:00+00:00,АМ Тракия,ЕКО,Бензин A95,1.62,,"землище с. Езеро, км. 243+126 (посока София)"
2026-08-26T18:00:00+00:00,АМ Тракия,ЕКО,Дизел,1.87,,"землище с. Езеро, км. 243+126 (посока София)"
2026-08-26T18:00:00+00:00,АМ Тракия,ЕКО,Пропан Бутан,0.66,,"землище с. Езеро, км. 243+126 (посока София)"
2026-08-26T18:00:00+00:00,АМ Тракия,ЕКО,Бензин A100,1.88,,"землище с. Езеро, км. 243+126 (посока София)"
2026-08-26T18:00:00+00:00,АМ Тракия,ЕКО,Дизел премиум,2.13,,"землище с. Езеро, км. 243+126 (посока София)"
2026-08-26T18:00:00+00:00,Усойка,ЕКО,Бензин A95,1.56,,На гл. път I-1
2026-08-26T18:00:00+00:00,Усойка,ЕКО,Дизел,1.81,,На гл. път I-1
2026-08-26T18:00:00+00:00,Усойка,ЕКО,Бензин A100,1.82,,На гл. път I-1
2026-08-26T18:00:00+00:00,Усойка,ЕКО,Дизел премиум,2.07,,На гл. път I-1
2026-08-26T18:00:00+00:00,АМ Струма,ЕКО,Бензин A95,1.62,,км 438 (посока Кулата)
2026-08-26T18:00:00+00:00,АМ Струма,ЕКО,Дизел,1.87,,км 438 (посока Кулата)
2026-08-26T18:00:00+00:00,АМ Струма,ЕКО,Пропан Бутан,0.66,,км 438 (посока Кулата)
2026-08-26T18:00:00+00:00,АМ Струма,ЕКО,Бензин A100,1.88,,км 438 (посока Кулата)
2026-08-26T18:00:00+00:00,АМ Струма,ЕКО,Дизел премиум,2.13,,км 438 (посока Кулата)
